import array

bmpPat0=array.array("H3696",[0x0821,0x0821,0x0821,0x0821,0x0821,0x0821,0x0821,0x0821,0x0821,0x0821,0x0821,0x0821,0x0821,0x0821,0x0821,0x0821,0x0821,0x0821,0x0821,0x0821,0x0821,0x0821,0x0821,0x0821,0x0821,0x0821,0x0821,0x0821,0x0821,0x0821,0x0821,0x0821,0x0821,0x0821,0x0821,0x0821,0x0821,0x0821,0x0821,0x0821,0x0821,0x0821,0x0821,0x0821,0x0821,0x0821,0x0821,0x0821,0x0821,0x0821,0x0821,0x0821,0x0821,0x0821,0x0821,0x0821,0x0821,0x0821,0x0821,0x0821,0x0821,0x0821,0x0821,0x0821,
0x0821,0x0821,0x0821,0x0821,0x0821,0x0821,0x0821,0x0821,0x0821,0x0821,0x0821,0x0821,0x0821,0x0821,0x0821,0x0821,0x0821,0x0821,0x0821,0x0821,0x0821,0x0821,0x0821,0x0821,0x0821,0x0821,0x0821,0x0821,0x0821,0x0821,0x0821,0x0821,0x0821,0x0821,0x0821,0x0821,0x0821,0x0821,0x0821,0x0821,0x0821,0x0821,0x0821,0x0821,0x0821,0x0821,0x0821,0x0821,0x0821,0x0821,0x0821,0x0821,0x0821,0x0821,0x0821,0x0821,0x0821,0x0821,0x0821,0x0821,0x0821,0x0821,0x0821,0x0821,
0x0821,0x0821,0x0821,0x0821,0x0821,0x0821,0x0821,0x0821,0x0821,0x0821,0x0821,0x0821,0x0821,0x0821,0x0821,0x0821,0x0821,0x0821,0x0821,0x0821,0x0821,0x0821,0x0821,0x0821,0x0821,0x0821,0x0821,0x0821,0x0821,0x0821,0x0821,0x0821,0x0821,0x0821,0x0821,0x0821,0x0821,0x0821,0x0821,0x0821,0x0821,0x0821,0x0821,0x4A69,0x528A,0x52AA,0x4208,0x0821,0x0821,0x0821,0x0821,0x0821,0x0821,0x0821,0x0821,0x0821,0x0821,0x0821,0x0821,0x0821,0x0821,0x0821,0x0821,0x0821,
0x0821,0x0821,0x0821,0x0821,0x0821,0x0821,0x0821,0x0821,0x0821,0x0821,0x0821,0x0821,0x0821,0x0821,0x0821,0x0821,0x0821,0x0821,0x0821,0x0821,0x0821,0x0821,0x0821,0x0821,0x0821,0x2124,0x528A,0x0862,0x4229,0x10A2,0x2945,0x39C7,0x2945,0x4A49,0x0821,0x0821,0x0821,0x0821,0x0821,0x0821,0x0821,0x0821,0x0821,0x0821,0x0821,0x0821,0x0821,0x0821,0x0821,0x0821,0x0821,0x0821,0x0821,0x0821,0x0821,0x0821,0x0821,0x0821,0x0821,0x0821,0x0821,0x0821,0x0821,0x0821,
0x0821,0x0821,0x0821,0x0821,0x0821,0x0821,0x0821,0x0821,0x0821,0x3186,0x0041,0x10A3,0x0882,0x10C3,0x0882,0x10A3,0x0821,0x0821,0x0821,0x0821,0x0821,0x0821,0x0821,0x0821,0x0821,0x0821,0x0821,0x0821,0x0821,0x0821,0x0821,0x0821,0x0821,0x0821,0x0821,0x0821,0x0821,0x0821,0x0821,0x0821,0x0821,0x0821,0x0821,0x0821,0x0821,0x0821,0x0821,0x0821,0x0821,0x0821,0x0821,0x0821,0x0821,0x0821,0x0821,0x0821,0x0821,0x0020,0x10A3,0x10A2,0x0882,0x0882,0x0882,0x0041,
0x0862,0x10A2,0x0821,0x0821,0x0821,0x0821,0x0821,0x0821,0x0821,0x0821,0x0821,0x0821,0x0821,0x0821,0x0821,0x0821,0x0821,0x0821,0x0821,0x0821,0x0821,0x0821,0x0821,0x0821,0x0821,0x0821,0x0821,0x0821,0x0821,0x0821,0x0821,0x0821,0x0821,0x0821,0x0821,0x0821,0x2104,0x0821,0x0862,0x0821,0x2145,0x2124,0x18C3,0x18C3,0x2965,0x2945,0x1082,0x2124,0x3186,0x1082,0x10A2,0x0861,0x1082,0x2965,0x0821,0x0821,0x0821,0x0821,0x0821,0x0821,0x0821,0x0821,0x0821,0x0821,
0x0821,0x0821,0x0821,0x0821,0x0821,0x0821,0x0821,0x0821,0x0821,0x0821,0x0821,0x0821,0x0821,0x0821,0x0821,0x0821,0x0821,0x0821,0x0821,0x2124,0x1082,0x08A2,0x39C7,0x5AEC,0x2945,0x39C7,0x10A3,0x4208,0x2124,0x0841,0x4208,0x3A08,0x4208,0x31C7,0x18E4,0x2966,0x0882,0x39E8,0x31A6,0x2124,0x0821,0x0821,0x0821,0x0821,0x0821,0x0821,0x0821,0x0821,0x0821,0x0821,0x0821,0x0821,0x0821,0x0821,0x0821,0x0821,0x0821,0x0821,0x0821,0x0821,0x0821,0x0821,0x0821,0x0821,
0x0821,0x0821,0x0821,0x0021,0x10A3,0x0861,0x18C3,0x31A6,0x4A49,0x3186,0x1082,0x18E4,0x10A3,0x10C3,0x10A3,0x1082,0x0882,0x0882,0x18C3,0x0862,0x18E3,0x0020,0x2124,0x39C7,0x2945,0x0821,0x0821,0x0821,0x0821,0x0821,0x0821,0x0821,0x0821,0x0821,0x0821,0x0821,0x0821,0x0821,0x0821,0x0821,0x0821,0x0821,0x0821,0x0821,0x0821,0x0821,0x0821,0x0821,0x0821,0x0821,0x0821,0x0861,0x39C7,0x4A49,0x4A69,0x2985,0x0841,0x0882,0x10A3,0x10A3,0x10A3,0x10A3,0x10A3,0x10A3,
0x10A3,0x10A3,0x10A3,0x10A3,0x10C3,0x10A2,0x2145,0x4A69,0x0041,0x10A3,0x2104,0x0821,0x0821,0x0821,0x0821,0x0821,0x0821,0x0821,0x0821,0x0821,0x0821,0x0821,0x0821,0x0821,0x0821,0x0821,0x0821,0x0821,0x0821,0x0821,0x0821,0x0821,0x0821,0x2104,0x0862,0x18E3,0x5289,0x0041,0x2945,0x0882,0x10C3,0x10A3,0x10A3,0x10A3,0x10A3,0x10C3,0x10A3,0x10A3,0x10A3,0x10C3,0x18E4,0x10A3,0x10A3,0x10A2,0x1082,0x10A2,0x4228,0x0862,0x0841,0x2945,0x0821,0x0821,0x0821,0x0821,
0x0821,0x0821,0x0821,0x0821,0x0821,0x0821,0x0821,0x0821,0x0821,0x0821,0x0821,0x0821,0x0821,0x0821,0x0821,0x0821,0x0821,0x0821,0x08A3,0x39E8,0x41E7,0x0062,0x4228,0x0021,0x1903,0x0862,0x10A3,0x10A3,0x10A3,0x10A3,0x10C3,0x10A3,0x10C3,0x10A3,0x10C3,0x18E3,0x10A3,0x10C3,0x0882,0x10A3,0x3186,0x4208,0x0882,0x528A,0x2104,0x0821,0x0821,0x0821,0x0821,0x0821,0x0821,0x0821,0x0821,0x0821,0x0821,0x0821,0x0821,0x0821,0x0821,0x0821,0x0821,0x0821,0x0821,0x0821,
0x0821,0x0020,0x10A2,0x10A3,0x2965,0x10C3,0x0882,0x10A3,0x2966,0x4229,0x2124,0x2125,0x0882,0x39E7,0x10C3,0x10C3,0x0882,0x4228,0x1082,0x18C3,0x10A3,0x10A3,0x10A3,0x10C3,0x10C3,0x1082,0x18E4,0x1904,0x0841,0x10A3,0x0821,0x0821,0x0821,0x0821,0x0821,0x0821,0x0821,0x0821,0x0821,0x0821,0x0821,0x0821,0x0821,0x0821,0x0821,0x0821,0x0821,0x0821,0x0821,0x0021,0x0882,0x0041,0x2124,0x2125,0x0862,0x3186,0x0862,0x0862,0x0882,0x1904,0x2125,0x3A08,0x31A6,0x10C3,
0x31A7,0x0841,0x3186,0x10A2,0x1082,0x10A3,0x10A3,0x10C3,0x10A3,0x10C3,0x0882,0x4A69,0x4A6A,0x0021,0x0821,0x0821,0x0821,0x0821,0x0821,0x0821,0x0821,0x0821,0x0821,0x0821,0x0821,0x0821,0x0821,0x0821,0x0821,0x0821,0x0821,0x0821,0x39E7,0x0821,0x0882,0x18E3,0x0821,0x2945,0x6B4D,0x2965,0x39E7,0x3186,0x10A3,0x1904,0x10A2,0x3186,0x4228,0x18C3,0x4A69,0x0821,0x1082,0x0862,0x4A49,0x10A3,0x18E3,0x10A3,0x10A3,0x10A3,0x1904,0x10A2,0x4208,0x0861,0x2104,0x0821,
0x0821,0x0821,0x0821,0x0821,0x0821,0x0821,0x0821,0x0821,0x0821,0x0821,0x0821,0x0821,0x0821,0x0821,0x0821,0x0821,0x0821,0x0821,0x10A2,0x0821,0x0821,0x0821,0x0861,0x10A3,0x0882,0x0882,0x0882,0x2145,0x0882,0x0862,0x10C3,0x10C3,0x0821,0xE6FB,0x2104,0x0862,0x10C3,0x2124,0x2966,0x18E3,0x0021,0x18E3,0x0861,0x31C7,0x2986,0x0861,0x2104,0x0821,0x0821,0x0821,0x0821,0x0821,0x0821,0x0821,0x0821,0x0821,0x0821,0x0821,0x0821,0x0821,0x0821,0x0821,0x0821,0x0821,
0x0821,0x0821,0x0821,0x0821,0x0821,0x0821,0x0862,0x0882,0x0882,0x0882,0x0882,0x10A3,0x0862,0x10A3,0x2124,0x10A3,0x0882,0x9CD2,0xFFFF,0x8C71,0x0021,0x0882,0x10A2,0x1082,0x4A49,0x10A3,0x39E7,0x18E3,0x3A07,0x3186,0x0821,0x0821,0x0821,0x0821,0x0821,0x0821,0x0821,0x0821,0x0821,0x0821,0x0821,0x0821,0x0821,0x0821,0x0821,0x0821,0x0821,0x0821,0x0821,0x0821,0x0821,0x0821,0x0821,0x0821,0x0861,0x0882,0x10A2,0x10A3,0x0882,0x10A2,0x4A8A,0x18E3,0x18E4,0x10A3,
0x1082,0x632C,0xF79D,0xFFDE,0xFFBF,0x0862,0x1904,0x0882,0x1082,0x18E4,0x1904,0x1904,0x0841,0x0021,0x0821,0x0821,0x0821,0x0821,0x0821,0x0821,0x0821,0x0821,0x0821,0x0821,0x0821,0x0821,0x0821,0x0821,0x0821,0x0821,0x0821,0x0821,0x0821,0x0821,0x0821,0x0821,0x0821,0x0821,0x0862,0x10A2,0x08A2,0x0882,0x10A2,0x2104,0x2104,0x0882,0x0862,0x10C3,0x10A3,0x4A48,0xFFDE,0xF79D,0xF79D,0xF79D,0xFFFE,0xFFFF,0x5AEB,0x1082,0x10A3,0x1082,0x2124,0x0821,0x0821,0x0821,
0x0821,0x0821,0x0821,0x0821,0x0821,0x0821,0x0821,0x0821,0x0821,0x0821,0x0821,0x0821,0x0821,0x0821,0x0821,0x0821,0x0821,0x0821,0x0821,0x0821,0x0821,0x0821,0x0862,0x10A2,0x0882,0x0882,0x39E7,0x0882,0x2965,0x39C7,0x0861,0x0882,0x10C3,0x31C6,0xF79C,0xF79D,0xF79D,0xF79D,0xF79D,0xF79D,0xFFFF,0xFFFF,0xE73C,0xE71B,0xC638,0x83EF,0x0821,0x0821,0x0821,0x0821,0x0821,0x0821,0x0821,0x0821,0x0821,0x0821,0x0821,0x0821,0x0821,0x0821,0x0821,0x0821,0x0821,0x0821,
0x0821,0x0821,0x0821,0x0821,0x0821,0x0821,0x0041,0x10A2,0x10A3,0x10C3,0x18E4,0x1082,0x2145,0x18C3,0x4229,0x10A3,0x1082,0x4A48,0xEF5C,0xF77C,0xF79D,0xF79D,0xF79D,0xF79D,0xF79D,0xF79D,0xF79D,0xF7BD,0xF79D,0xBDD6,0x0821,0x0821,0x0821,0x0821,0x0821,0x0821,0x0821,0x0821,0x0821,0x0821,0x0821,0x0821,0x0821,0x0821,0x0821,0x0821,0x0821,0x0821,0x0821,0x0821,0x0821,0x0821,0x0821,0x0821,0x0020,0x10C3,0x10A3,0x10A3,0x0882,0x10A2,0x2104,0x18E4,0x0862,0x0882,
0x0862,0x738D,0xEF5B,0xF79C,0xFFFF,0x0821,0x31A6,0xFFFF,0xF7BD,0xF79D,0xF79D,0xFFBD,0xF7BD,0xB5B6,0x0821,0x0821,0x0821,0x0821,0x0821,0x0821,0x0821,0x0821,0x0821,0x0821,0x0821,0x0821,0x0821,0x0821,0x0821,0x0821,0x0821,0x0821,0x0821,0x0821,0x0821,0x0821,0x0821,0x0821,0x0861,0x10A3,0x0882,0x10A3,0x0021,0x39E7,0x5AEB,0x2125,0x1082,0x10A2,0x0021,0xA514,0xFFBE,0xF79D,0xA514,0xCE59,0x0861,0x39C7,0xF79D,0xF79D,0xF79D,0xEF7C,0xFFFF,0x0020,0x2124,0x0821,
0x0821,0x0821,0x0821,0x0821,0x0821,0x0821,0x0821,0x0821,0x0821,0x0821,0x0821,0x0821,0x0821,0x0821,0x0821,0x0821,0x0821,0x0821,0x0821,0x0821,0x0821,0x0821,0x2125,0x0862,0x1082,0x1082,0xA514,0xFFFF,0xFFFF,0xCE59,0x0821,0x10A3,0x0021,0xCE79,0xFFDE,0xF7BD,0xFFDE,0xF79D,0xFFFF,0x4A49,0xDEDB,0xFFFF,0xF7BD,0xFFFF,0x2945,0x8430,0x632C,0x0821,0x0821,0x0821,0x0821,0x0821,0x0821,0x0821,0x0821,0x0821,0x0821,0x0821,0x0821,0x0821,0x0821,0x0821,0x0821,0x0821,
0x0821,0x0821,0x0821,0x0821,0x0821,0x0821,0x0821,0x2965,0x0882,0xAD75,0xF77D,0xFFBD,0xE71B,0xFFDE,0xFFDE,0x10A3,0x0841,0xF79D,0xF7BD,0xF79D,0xF79D,0xEED9,0xFFBD,0xF79D,0xFFFF,0x9CF3,0xF7DD,0xEF5C,0xF77D,0xAD54,0x0821,0x0821,0x0821,0x0821,0x0821,0x0821,0x0821,0x0821,0x0821,0x0821,0x0821,0x0821,0x0821,0x0821,0x0821,0x0821,0x0821,0x0821,0x0821,0x0821,0x0821,0x0821,0x0821,0x0821,0x0821,0x0821,0x0041,0xFFFF,0xE71B,0xEF3B,0xE71B,0xEF7C,0xFFFF,0x10A3,
0x5AEB,0xC5F6,0xFFBD,0xF7BD,0xF79D,0xAA88,0xFF7D,0xF7FC,0xF79D,0xFFBD,0xF79C,0xF77D,0xF79D,0xBDB6,0x0821,0x0821,0x0821,0x0821,0x0821,0x0821,0x0821,0x0821,0x0821,0x0821,0x0821,0x0821,0x0821,0x0821,0x0821,0x0821,0x0821,0x0821,0x0821,0x0821,0x0821,0x0821,0x0821,0x0821,0x0821,0x0821,0x0881,0xFFFF,0xEF3B,0xDED9,0xF7BD,0xF79D,0xFFFF,0x0821,0xE71C,0xDEB9,0xF79D,0xF79D,0xF79D,0x18E2,0x8451,0x5ACB,0xF79D,0xF79D,0xFFDE,0xF7BD,0xFFFF,0x1082,0x0821,0x0821,
0x0821,0x0821,0x0821,0x0821,0x0821,0x0821,0x0821,0x0821,0x0821,0x0821,0x0821,0x0821,0x0821,0x0821,0x0821,0x0821,0x0821,0x0821,0x0821,0x0821,0x0821,0x0821,0x0821,0x0841,0x0841,0xFFFE,0xEF5C,0xE71A,0xF7BD,0xFFDE,0x7BCF,0x8C51,0xFFDE,0xDED9,0xF79D,0xF79D,0xF79D,0xFFFF,0xBB6C,0xB3AC,0x9228,0xFFFF,0xF79C,0xE6FB,0x9AA9,0xA2E9,0x7BAE,0x0821,0x0821,0x0821,0x0821,0x0821,0x0821,0x0821,0x0821,0x0821,0x0821,0x0821,0x4A06,0x41E6,0x0821,0x0821,0x0821,0x0821,
0x62C9,0x5164,0x836A,0x7308,0x5A07,0x0862,0x0861,0x0821,0x52AA,0xFFDE,0xF7BD,0xFFDD,0xF79D,0xFFFF,0x0821,0xFFFF,0xFFDE,0xE71A,0xF79D,0xF7BD,0xF79D,0xF79C,0xFFBD,0xFFFF,0xC40D,0xFFFF,0xFF9D,0xEF9B,0xDF3B,0xFFFF,0xE75D,0x31A5,0x0821,0x0821,0x0821,0x0821,0x0821,0x0821,0x3144,0x8389,0x72E7,0x4985,0xAC8D,0xB4CD,0x4145,0x7328,0x7328,0x4105,0xBD50,0x6145,0xDE4F,0x7266,0x9C4F,0x0021,0x4A6A,0x4228,0xE73C,0xFFBD,0xEF5C,0xE6FA,0xF79D,0xFFFF,0x0821,0xF79D,
0xFFBE,0xCE58,0xF79D,0xF79D,0xF79D,0xFF7E,0xF7DD,0xF7BD,0xFFBD,0xF79E,0xF79C,0xFF9E,0xF7FD,0xCE17,0xFFFF,0x736E,0x0821,0x0821,0x4A26,0x93EA,0x7309,0x72E8,0xA48D,0xDE31,0xB48D,0x936A,0xBD0F,0xDE11,0x69A6,0xA46C,0x7AA9,0xD611,0x7208,0xDE11,0xAC8D,0xA3ED,0x0821,0x0862,0xF79D,0xF79D,0xF79D,0xEF7C,0xF79D,0xF79D,0xFFDE,0xBD94,0xC616,0xF79D,0xF79D,0xFFDE,0xFFDE,0xF79D,0xF79D,0xF7BD,0xF79D,0xF7BD,0xF7BD,0xF79D,0xF79D,0xF7BD,0xF7BD,0xFFDE,0xFFBE,0x8C71,
0x31A6,0x4924,0xBD6F,0xBCAE,0x7AA9,0xBD0E,0xD5B0,0xDE11,0xB4AD,0x936A,0xC54F,0xD5F1,0x6145,0xA48D,0x69A5,0xDE11,0x6165,0xD5F1,0xE6B3,0x5ACB,0x10A2,0x0821,0xF79D,0xF79C,0xF79D,0xD6B9,0xFFDE,0xF7BD,0xFFFE,0x9C6F,0xF79C,0xFFBD,0xF79D,0xF79D,0xEF3B,0xFFBE,0xFFBD,0xF79D,0xFFBD,0xF7BD,0xF79D,0xF79D,0xF79D,0xF7BD,0xF79D,0xF79D,0xFFFF,0x73AE,0xE630,0x69C7,0x93AA,0xB4CD,0x69C6,0xDE12,0xD5CF,0xD5AF,0xBCEE,0x8B2A,0xC52E,0xCD90,0x6145,0x8BCC,0xB40D,0xB4AD,
0xAC6D,0x9BEB,0xBD0E,0x0040,0x1082,0x0020,0xF79D,0xF7BD,0xF79D,0xF77D,0xF7BD,0xF79D,0xFFFE,0x942E,0xFFFF,0xF79D,0xF79D,0xF79D,0xFFBD,0xF79D,0xF79D,0xF79D,0xF79D,0xF79D,0xF79D,0xF7BD,0xF7BD,0xF79D,0xF7BD,0xF7BD,0xE71B,0x62EB,0x7A89,0xD610,0x69A6,0xCD8F,0x7A68,0xB48C,0xBCCE,0xDDF1,0xBCCD,0x82A9,0xAC4E,0xB46D,0x9B6A,0x8AC9,0xAC8D,0xBCEF,0xB4CE,0xD5D1,0x92C9,0x1082,0x0020,0xCE99,0xF7BD,0xF79D,0xF7BD,0xFFBD,0xF79D,0xFFBD,0xFFFE,0xAD32,0xFFDE,0xF79D,
0xF79D,0xF79D,0xF79D,0xF7BD,0xF79D,0xF7BD,0xF7BD,0xF79D,0xFFBD,0xCE58,0xFFFF,0xF79C,0xF79D,0xFFBD,0xF79D,0x5AEB,0x8267,0xC52F,0x7A68,0xAC2C,0xAC4D,0x9BAA,0xB46D,0xCD90,0xC50E,0x7A28,0x93AB,0x8B0A,0xAC6D,0xC530,0xBD0F,0x6145,0xC50F,0x8AE9,0x838C,0x0883,0x0821,0xFFFF,0xF79D,0xF79D,0xF79D,0xF7BD,0xF79D,0xF79D,0xFFDD,0xD678,0xFFDD,0xF79D,0xF79D,0xF7BD,0xF79D,0xF79D,0xF79D,0xF79D,0xF79D,0xF79D,0xFFBE,0xC617,0xAD74,0xFFBD,0xFFBD,0xF79D,0xEF5C,0x31A6,
0x71E8,0xBCEE,0xAC2B,0x7A68,0xCD70,0x8B29,0xBCEE,0xCD4F,0xC50E,0x69A6,0xC52F,0x6A07,0x8BAB,0xB4AD,0xD5D0,0x8268,0xD630,0x71A6,0x10C3,0x18A2,0x31A7,0xFFFF,0xF79D,0xF7BD,0xF79D,0xF79D,0xF79D,0xF79D,0xF7BD,0xF77D,0xF79D,0xF79D,0xF79D,0xF79D,0xF79D,0xF79D,0xF79D,0xF79D,0xF79D,0xF7BD,0xF79D,0xFFFE,0xFFFE,0xF77C,0xF79D,0xF79D,0xBDD6,0x0821,0xAC4D,0xC50E,0xD5D1,0x69A6,0xCDAF,0x6966,0xBD2D,0xD677,0xD638,0x93AC,0xBCAE,0x6A67,0x9309,0xEEF4,0x69C7,0xC50F,
0x7186,0x2966,0x0883,0x0021,0xFFFF,0xF79D,0xF7BD,0xF79D,0xF7BD,0xF79D,0xF79D,0xF79D,0xEF3B,0xF77D,0xF79D,0xF79D,0xF79D,0xF79D,0xF79D,0xF79D,0xF79D,0xF79D,0xF79D,0xF79D,0xF7BD,0xF7BD,0xF79D,0xF79D,0xFFDE,0xB595,0x8430,0x0821,0xC50F,0xB46D,0xBD0E,0x7A68,0xD5D0,0x7268,0xFFFE,0xF7BD,0xFF9F,0xF7FE,0x69C4,0x7269,0xCD91,0x71E6,0xDE52,0x9BCB,0x938C,0x0821,0x08A2,0xA534,0xF77D,0xF79D,0xF79D,0xF79D,0xF79D,0xF79D,0xF79D,0xF79D,0xEF5C,0xF79D,0xF79D,0xF79D,
0xF79D,0xF79D,0xF79D,0xF79D,0xF79D,0xF7BD,0xF79D,0xF79D,0xFFFF,0xFFFE,0xFFBE,0xFFDE,0xFFFF,0xBDD6,0x0821,0x0821,0xBD0E,0xA3EA,0xC54F,0x82AA,0x8B49,0xF7FF,0xE75C,0xFFDF,0xE6AD,0xDE2E,0xC658,0x92C9,0xAC8C,0x8269,0xA40C,0xDE11,0x3186,0x10C4,0x10A2,0xFFFF,0xF79D,0xF79D,0xF79D,0xF7BD,0xF79D,0xF79D,0xF79D,0xF79D,0xEF5C,0xF79D,0xF79D,0xF79D,0xF79D,0xF79D,0xF79D,0xF79D,0xF79D,0xFFFF,0xFFBE,0xCE38,0xBDB5,0xCE37,0xDED9,0xE73B,0x632C,0x0821,0x0821,0x0821,
0xBCED,0x7A47,0xB4AE,0xC54F,0xFFDE,0xCDF4,0xEE90,0xB594,0xFF9E,0xFFDE,0x8AA8,0xB48D,0xD5D1,0xA46D,0xCDB0,0x71C6,0x1061,0x0883,0x0821,0xFFBD,0xF79D,0xF79D,0xF79D,0xF79D,0xF79D,0xF79D,0xF79D,0xF79D,0xD699,0xF7BD,0xF79D,0xF79D,0xF7BD,0xF79D,0xF79D,0xF79D,0xFFBE,0xFFFF,0xF79D,0xF79D,0xF79D,0xF79D,0xF79D,0xF7BD,0xFFBD,0x6B4C,0x0821,0x0821,0xBD2F,0x69C7,0xD5B0,0xC54F,0xFFFF,0xFF9E,0xF7DF,0xAD13,0xA4F3,0xFFFF,0xBCED,0xD590,0x6185,0xA3CC,0x8B29,0x9C0E,
0x0882,0x08A2,0x8410,0xF79C,0xF79D,0xF79D,0xF79D,0xF79D,0xF79D,0xF79D,0xF79D,0xF79D,0xF77C,0xFFBD,0xF79D,0xF79D,0xF79D,0xF79D,0xFFBD,0xFFBD,0xF79D,0xF79D,0xF7BD,0xF79C,0xF79D,0xF79D,0xF79D,0xF79D,0xEF3C,0x2124,0x0821,0x0821,0xB4EE,0x7A07,0xCD4D,0xC54F,0xF7BE,0xF79D,0xF75D,0xBDB7,0xE71B,0xC5F1,0xA46B,0xBD0F,0x8A89,0xCDD0,0x79E6,0x2124,0x0862,0x0821,0xFFFF,0xF7BD,0xFFBD,0xF79D,0xF79D,0xF79D,0xF79D,0xF79D,0xF79D,0xF79D,0xFFBD,0xD699,0xFFFE,0xF79D,
0xF79D,0xF7BD,0xF79D,0xF79D,0xF79D,0xF79D,0xF79D,0xF79D,0xF79D,0xF7BD,0xF79D,0xE71B,0x52AA,0x0821,0x0821,0x0821,0xA3CB,0xB48D,0x8B09,0xA3EB,0xC52C,0xFFDF,0xFFFF,0xDE97,0xC637,0x9B6A,0xBD2F,0x9B8B,0xB48D,0x8A88,0x08A3,0x10A3,0x0821,0xFFFF,0xF79D,0xF7BD,0xF79D,0xF79D,0xF79D,0xF79D,0xF79D,0xF79D,0xF79D,0xF79D,0xF79D,0xF79D,0xFFFF,0xFFFF,0xF79D,0xF79D,0xF7BD,0xF79D,0xF7BD,0xF79D,0xF79D,0xF7BD,0xF77A,0xF799,0xF77A,0xB5B3,0x0821,0x0821,0x0821,0x0821,
0x7A27,0xCD6F,0x7A48,0xBD2F,0xBD90,0x69A5,0xFFFF,0xFFFF,0x5142,0xC530,0x6125,0xCDD0,0xBD0E,0x83AE,0x0021,0x0882,0xAD75,0xF79D,0xF79D,0xF79D,0xF79D,0xF79D,0xF7BD,0xF79D,0xFFBD,0xF79D,0xF79D,0xF79D,0xF79D,0xF79D,0xF79D,0xF738,0xFFBE,0xF79D,0xF79D,0xF79D,0xF7BD,0xF79D,0xF7BD,0xF77D,0xF79A,0xF79B,0xF799,0xD6B7,0x2925,0x0821,0x0821,0x0821,0x71C6,0xC54E,0x6185,0xC590,0xBCEE,0x9369,0xA42B,0x838C,0xBC6E,0xB46C,0xA42C,0xB42D,0xB48E,0x0040,0x10A2,0x10A3,
0xFFFF,0xF7BD,0xF7BD,0xF79D,0xF79D,0xF79D,0xF79D,0xF7BD,0xF79D,0xF79D,0xF79D,0xF79D,0xFFBD,0xF7BD,0xFFBE,0xF7BE,0xF758,0xF779,0xF79D,0xF79D,0xF79D,0xF77B,0xF77A,0xFF99,0xF79B,0xF799,0xDED8,0x7BCE,0x0821,0x0821,0x0821,0x0821,0x7227,0x93AA,0x5986,0xC50E,0x69A6,0xE693,0xC58F,0xCDB0,0xA40C,0x8B0A,0xA40B,0xA3EC,0x9B6B,0x10A3,0x10A2,0x2104,0xFFBD,0xF79D,0xF7BD,0xF79D,0xF7BD,0xF79D,0xF79D,0xF79D,0xF79D,0xF79D,0xF77D,0xFFFE,0x0820,0x0821,0x0821,0xCD8F,
0xCD8E,0x48E3,0xBD73,0xFFDC,0xFFFE,0xEF7A,0xF77A,0xF77B,0xF77A,0xF77B,0xB594,0x0821,0x0821,0x0821,0x0821,0x0821,0x7A89,0xBCEE,0x7AA8,0xAC2D,0x61A6,0xBD4E,0xA42C,0xBC8E,0xD611,0x69A6,0xDE12,0x6985,0x5A8A,0x0882,0x0020,0xFFFF,0xFFBD,0xF79D,0xF79D,0xF79D,0xF79D,0xF7BD,0xF79D,0xF79D,0xF79D,0xEF7D,0xFFFF,0x18E3,0x1082,0x08A3,0x2903,0xB4CC,0xC530,0x69A6,0x9C2D,0x69A5,0x61C5,0x9CF1,0xB5B3,0xB5B3,0xB593,0xB5B5,0x52A9,0x0821,0x0821,0x0821,0x0821,0x0821,
0x82CA,0xC4EE,0x8AE9,0x834A,0xA40B,0xA46E,0x5924,0xCDF1,0x5924,0xDDF1,0x7AC9,0x934A,0x0821,0x10A3,0x62CB,0xFFFF,0xF79D,0xF79D,0xF7BD,0xF79D,0xF79D,0xF79D,0xF79D,0xF79D,0xF79D,0xAD75,0x0821,0x10A3,0x0862,0x0062,0x5A28,0xCD4E,0x932A,0x834A,0x8B4A,0xB46C,0x6AC8,0x0821,0x0821,0x0821,0x0821,0x0821,0x0821,0x0821,0x0821,0x0821,0x0821,0x0821,0x8B8B,0xCD2E,0x3943,0xCCF0,0x0042,0xA34A,0xB48D,0x6185,0xBCCE,0xC570,0x7B8D,0x0041,0x10A2,0x9CF3,0xF79D,0xF79D,
0xF79D,0xF79D,0xF79D,0xF79D,0xF79D,0xF79D,0xF79D,0xFFFF,0x0821,0x0882,0x0882,0x0882,0x1082,0x0021,0x8A48,0xDDD0,0x6166,0xC52E,0xB48E,0x82E9,0x4965,0x0821,0x0821,0x0821,0x0821,0x0821,0x0821,0x0821,0x0821,0x0821,0x0821,0x0821,0xA3EC,0x0022,0x0882,0x0020,0x69C7,0xCD90,0xD5F1,0xE612,0xB4AD,0xAC2D,0x0821,0x08A2,0x08A3,0xFFFF,0xF79D,0xF79D,0xF79D,0xF79D,0xF79D,0xF79D,0xF79D,0xF79D,0xEF5D,0x0821,0x10A2,0x0882,0x0882,0x0882,0x08A3,0x1882,0x9B6A,0xBCEE,
0x69E6,0xD5F1,0x9B8C,0x9BAB,0x6287,0x0821,0x0821,0x0821,0x0821,0x0821,0x0821,0x0821,0x0821,0x0821,0x0821,0x0821,0xC4AE,0x0861,0x5A8B,0x0041,0xD5F2,0xBCEE,0x8AE9,0x9BCB,0xCD70,0x7A07,0x0883,0x08A2,0x0821,0xF79D,0xF79D,0xF79D,0xF79D,0xF79D,0xF7BD,0xF79D,0xF79D,0xF79D,0x0821,0x10A2,0x0882,0x08A2,0x10A3,0x10A2,0x0001,0x49A7,0xAC2C,0x936B,0xAC0C,0x8BEA,0xB48D,0xBD0E,0x7328,0x0821,0x0821,0x0821,0x0821,0x0821,0x0821,0x0821,0x0821,0x0821,0x0821,0x0821,
0x10A3,0x4A29,0x0020,0x30C2,0xD5F1,0x50C5,0xD611,0x8B6B,0xAB8C,0x0021,0x10C3,0x0821,0xFFFF,0xF79D,0xF77C,0xF79D,0xF79D,0xF79D,0xF79D,0xF79D,0xFFFF,0x0821,0x0882,0x0882,0x0882,0x10C3,0x0821,0xEC6E,0xCBCD,0x7206,0xB52E,0x5925,0xD5B0,0x6A68,0x9B8B,0xBCCE,0xA44C,0x49E6,0x0821,0x0821,0x0821,0x0821,0x0821,0x0821,0x0821,0x0821,0x0821,0x0821,0x0862,0x4A69,0x0821,0xF692,0x6986,0xD590,0xB4AD,0x7A26,0x31C7,0x0882,0x0821,0xCE59,0xF79D,0xF7BD,0xFFBD,0xF79D,
0xF79D,0xF79D,0xF7BD,0xFFFF,0x0821,0x10A2,0x0882,0x0882,0x10A2,0x0821,0xFC6E,0xB32C,0xC38D,0x7227,0xB42D,0x82A9,0x93CB,0xCD50,0xBCEE,0xB4AD,0xB48C,0x5A47,0x0821,0x0821,0x0821,0x0821,0x0821,0x0821,0x0821,0x0821,0x0821,0x0821,0x0021,0x1081,0x62A8,0xB44D,0x8B29,0xA3AB,0xDE52,0x83CF,0x0020,0x0882,0x2104,0xFFDE,0xF79C,0xF79D,0xF79D,0xF79D,0xF79D,0xF79D,0xF79D,0x4A49,0x10A3,0x10A3,0x10A2,0x10A2,0x0882,0xCBCD,0x9AEA,0xD36C,0x9BAD,0x8309,0xB4CD,0x8AE9,
0x838A,0xB46D,0xCDB0,0xB48D,0x9B8B,0x5A67,0x0821,0x0821,0x0821,0x0821,0x0821,0x0821,0x0821,0x0821,0x0821,0x0821,0x0041,0x41C6,0xEE91,0x58E3,0xB48E,0xB4AD,0x9AC9,0x1083,0x08A2,0x10C3,0xFFFF,0xF79D,0xF79D,0xF79D,0xF79D,0xF79D,0xF79D,0xF79D,0xFFFF,0x0882,0x0882,0x0882,0x0882,0x10A2,0x0821,0xE38D,0x9B2C,0xCBCC,0x7AEA,0xCD2F,0xBD2E,0xDE10,0x59A6,0xABEC,0xC54F,0xB4CD,0xBCCE,0x6AC9,0x0821,0x0821,0x0821,0x0821,0x0821,0x0821,0x0821,0x0821,0x0821,0x0821,
0x18E3,0xCD2F,0x7207,0xBCAD,0xCD8F,0x79C7,0x4A48,0x08A3,0x1083,0x0821,0xF77D,0xFFBD,0xFFDE,0xF79D,0xF79D,0xF79D,0xF79D,0xF79D,0xBDD7,0x0882,0x0862,0x10A2,0x08A2,0x0062,0x82AA,0x8B2A,0xDBCD,0xD3CD,0x6A08,0xCD90,0xC52F,0xDE91,0xAC8D,0xC54E,0xCD4F,0xE611,0xCD8F,0x6AC8,0x0821,0x0821,0x0821,0x0821,0x0821,0x0821,0x0821,0x0821,0x0821,0x0821,0x528A,0xBCCD,0x7248,0xB48D,0x71E7,0x838C,0x0821,0x0881,0x1082,0x0020,0xFFBE,0xDEDA,0xDEDA,0xF79D,0xF79D,0xF79D,
0xF79C,0xFFDE,0x0020,0x10A2,0x0882,0x0882,0x08A1,0x0001,0xFC6D,0xAB6B,0xB36C,0x82CA,0x61C7,0xB52D,0xC54F,0xA46C,0xFF13,0xC510,0x69E6,0x69A6,0x6166,0x3944,0x0821,0x0821,0x0821,0x0821,0x0821,0x0821,0x0821,0x0821,0x0821,0x0821,0x0882,0xC52D,0xAC8E,0xCD6F,0x944E,0x0842,0x08A3,0x0882,0x0821,0xF7BE,0xF7BD,0xDED9,0xFFDE,0xFFBD,0xF79D,0xF79D,0xFFFF,0x31A6,0x0862,0x10A2,0x0041,0x0882,0x0001,0xDC0D,0xCBAC,0xD3CC,0xD3AD,0xCBCC,0x7228,0xC52F,0xB4EE,0x7B0A,
0xC52F,0xE671,0xBCCE,0xBCEC,0xBD0E,0x836A,0x0821,0x0821,0x0821,0x0821,0x0821,0x0821,0x0821,0x0821,0x0821,0x0821,0x2904,0xC52F,0xBD0F,0x69E6,0x8C4A,0x0001,0x0882,0x10A3,0x0041,0xFFFF,0xDEB9,0xE6FA,0xFFFE,0xFFBD,0xF79D,0xF79D,0xFFFF,0x0821,0x0882,0x0821,0xCE79,0x0821,0x0040,0xEC0D,0xC3AC,0xEBCD,0x8AEB,0xCBCC,0x8288,0xB4EE,0xAC2D,0xB4EE,0xC52F,0xC50E,0xAC4C,0x8289,0x7206,0x4124,0x0821,0x0821,0x0821,0x0821,0x0821,0x0821,0x0821,0x0821,0x0821,0x0821,
0x4965,0xA3CC,0xB4CD,0x9269,0x7B6A,0x0042,0x1083,0x0882,0x5ACB,0xFFFF,0xE71B,0xFFBE,0xDEB9,0xF79D,0xF79D,0xF79D,0xCE59,0x0021,0x10A3,0xFFFF,0xEF5C,0x18E3,0x6A48,0xC38C,0xCBAC,0xCBAC,0x8ACA,0xC3AC,0x82A7,0xB4AD,0x9BCC,0xDE51,0xC54F,0x7267,0x7207,0x8B09,0xB4AE,0x7B49,0x0821,0x0821,0x0821,0x0821,0x0821,0x0821,0x0821,0x0821,0x0821,0x0821,0xEE53,0xB4EE,0x8287,0x73EB,0x0861,0x08A2,0x1083,0x0821,0xE6FB,0xD658,0xF79D,0xFFFF,0xD6B9,0xF79D,0xF79D,0xF79D,
0x0821,0x2966,0xFFFF,0xA534,0x0821,0x0882,0xE3EE,0xCB8C,0xC38C,0x930B,0xD3CD,0x9B2B,0x934A,0xBCCE,0x9B8A,0xCD4F,0xCDD0,0xAC8C,0xCD6F,0xB48D,0x9B8B,0x40E3,0x0821,0x0821,0x0821,0x0821,0x0821,0x0821,0x0821,0x0821,0x0821,0x0821,0xBCAD,0x6985,0x7B0C,0x7BA9,0x0821,0x1082,0x0882,0x0020,0xDEDA,0xFFFE,0xFFDE,0xD678,0xCE58,0xF79D,0xFFBD,0xFFBE,0xB5B6,0xFFDE,0xFFFF,0x0862,0x10A2,0x0882,0xEC4E,0xCB8C,0xCBCD,0x8AEA,0xE3CC,0x82A8,0x9B8B,0xB4EE,0x8B2A,0xDDF0,
0xC54F,0xC4CE,0x5146,0x7AA9,0x938A,0xA42C,0x41E6,0x0821,0x0821,0x0821,0x0821,0x0821,0x0821,0x0821,0x0821,0x0821,0xC54F,0x7A27,0x738B,0x7389,0xAD55,0x0821,0x0821,0x0821,0xFFFF,0xF79D,0xF79D,0xFFDE,0xFFDE,0xDEB9,0xE71A,0xEF5C,0xF79C,0xFFFF,0x18C3,0x08A3,0x10A3,0x10C2,0xD3EC,0xC3AC,0xCB6C,0x9B4B,0xD3EC,0xDBEE,0xA3CC,0xBCCE,0x8309,0xCDF3,0x7269,0x7A88,0xC56E,0xE630,0xD52E,0x6287,0x0821,0x0821,0x0821,0x0821,0x0821,0x0821,0x0821,0x0821,0x0821,0x0821,
0xDE72,0x6B4A,0x738A,0x7BAA,0xFFFF,0xF79D,0xF79D,0xF79D,0xF79D,0xFFBD,0xF79D,0xF79D,0xF79D,0xF79D,0xF79D,0xFFDE,0xD699,0x0821,0x0020,0x0882,0x10C3,0x10A3,0xCBED,0xCBEC,0xCBCC,0xCBCD,0xB38B,0xD3AC,0xB42B,0xA44D,0x9B8B,0xFF9D,0xFFFF,0xA46B,0x0042,0x08C2,0x10A3,0x1082,0x0821,0xA534,0x0821,0x0821,0x0821,0x0821,0x0821,0x0821,0x0821,0x0821,0x9BCB,0x73CA,0x7369,0x7389,0xFFFF,0xF79C,0xFFBD,0xF79D,0xF79D,0xF79D,0xF79D,0xF79D,0xF79D,0xF79D,0xF79D,0xF79D,
0xF7BD,0xDEDA,0xC638,0x9491,0x4228,0x0041,0xCC0E,0xBB8C,0xD3AC,0xCB8C,0xB3AD,0xBB6B,0x9BAB,0xAC4C,0xB46E,0xEF7D,0xF79D,0x0821,0x10A3,0x1063,0x08A2,0x0021,0xBDF7,0xA534,0x0821,0x0821,0x0821,0x0821,0x0821,0x0821,0x0821,0x0821,0x6987,0x6B48,0x7369,0x7BAA,0xFFFF,0xF7BD,0xF79D,0xF7BD,0xF79D,0xF79D,0xF79D,0xF79D,0xF79D,0xF79D,0xFFBD,0xF7BD,0xF77C,0xF77D,0xF79D,0xF7BD,0xFFDE,0xFFFF,0xF7BD,0xFFFF,0xBBAD,0xCBAD,0xA32C,0xA40E,0x9B2A,0xBCAF,0xAC4B,0xEF7B,
0xAD73,0x0862,0x10A3,0x0882,0x0882,0x39E7,0xFFFF,0xB5D6,0x0821,0x0821,0x0821,0x0821,0x0821,0x0821,0x0821,0x0821,0x7AEA,0x6B48,0x6B49,0x6328,0xF7BD,0xF7BD,0xF7BD,0xF79D,0xF79D,0xF79D,0xF79D,0xF79D,0xF79D,0xF79D,0xFFBD,0xF77D,0xC617,0x0821,0x0841,0x0020,0x0020,0x0821,0xDBAB,0xCB8B,0xC3CC,0x9AE8,0xFFFF,0xBDD5,0x82AA,0xC4ED,0xB513,0xFFFE,0x2965,0x1082,0x0882,0x10A3,0x0821,0xF79D,0xD69A,0x0021,0x0821,0x0821,0x2124,0xAD75,0xA513,0x2945,0x0821,0x0821,
0x734B,0x6B49,0x6B49,0x6328,0xF7BD,0xFFBD,0xF79D,0xF79D,0xF79D,0xF7BD,0xF79D,0xF79D,0xF79D,0xFFBD,0xF79D,0xFFDE,0xF7BE,0xFFFF,0x9CF3,0x10A3,0x0882,0x10A2,0xE42D,0xCBAD,0xC3CC,0x938C,0xFFFF,0xF7BD,0x9B6E,0x8349,0xFFFF,0xFFBD,0x73AE,0x0021,0x0882,0x0821,0xE71C,0xFFFF,0x0821,0x0021,0x2965,0x632C,0xEF5C,0xBDD6,0x0821,0x0821,0x0821,0x0821,0x6BA9,0x6B69,0x6B68,0x6307,0xF79D,0xF79D,0xF79D,0xF79D,0xF79D,0xF79D,0xF79D,0xF79D,0xF79D,0xF79D,0xFFBD,0xD699,
0xCE79,0xFFFE,0xF79D,0x0021,0x18C3,0x10A2,0xDBEE,0xCBAC,0xDBAD,0x9C6F,0xFFFF,0xFF9D,0xF7BD,0xFFFF,0xF77D,0xF79D,0xFFBE,0xB596,0x73AE,0xFFDF,0xF79D,0x4207,0x0821,0x2103,0xBDD6,0xB595,0x8430,0x2965,0x0821,0x0821,0x0821,0x0821,0x6B48,0x6B48,0x7369,0x7389,0x0020,0x31A6,0xF79E,0xF77D,0xFFBD,0xF79D,0xF79D,0xF7BD,0xF7BD,0xFFDD,0xEF7C,0xF79D,0x0821,0x10A3,0x0821,0xD699,0xFFFF,0x10C3,0xCBAC,0xCB8C,0xC3AC,0xF7BE,0xFF7D,0xE73B,0xF79D,0xF79D,0xF79D,0xF79D,
0xF79D,0xF79D,0xCE58,0xFFFE,0xF79D,0xF7BD,0xEF7D,0xBDD6,0x0821,0x0821,0x0821,0x0821,0x0821,0x0821,0x0821,0x0821,0x7369,0x6B49,0x7369,0x7369,0x4A46,0x0822,0x0821,0xEF7D,0xFFFF,0xFFFF,0xF79D,0xF7BD,0xF79D,0xE71B,0xFFDE,0xBDF7,0xFFFF,0x0821,0x10A3,0x9CF3,0xEF7D,0xFFFF,0xCBCC,0xCBCD,0xCBAC,0xFFFF,0xFFDE,0xC5F6,0xF79D,0xF77D,0xF79D,0xF79D,0xF79D,0xF79D,0xFFFE,0xCE58,0xFFDE,0xCE58,0xFFFF,0x2103,0x0821,0x0821,0x0821,0x0821,0x0821,0x0821,0x0821,0x0821,
0x6B48,0x6B49,0x7369,0x6B69,0x73A7,0x6B4A,0x0821,0x0821,0x0821,0x4208,0xFFFF,0xEF7C,0xF77C,0x6B6D,0x0821,0x0821,0xFFFF,0xFFFF,0x0821,0x0882,0x0821,0x0821,0xCB8C,0xCBAD,0xDBCD,0xF7BE,0xE77B,0xEF3C,0xF79D,0xF79D,0xF79D,0xF79D,0xF79D,0xF79D,0xFFDE,0xFFBE,0xEF7C,0xFFDD,0xE71B,0xEF5C,0x7BCE,0x4A69,0x0821,0x2965,0x2945,0x0821,0x0821,0x0821,0x6B69,0x6B69,0x6B49,0x7369,0x7389,0x7389,0x6B49,0x6309,0x0001,0x08A2,0x10A3,0x18E2,0x0861,0x0882,0x10A2,0x0882,
0x1082,0x0821,0xC638,0x0841,0x0842,0xB38C,0xCBCC,0xDB8C,0x83EE,0xEF7C,0xFFFF,0xF79C,0xF79C,0xF7BD,0xF7BD,0xF79D,0xF79D,0xFFDE,0xFFBD,0xFFDD,0xEF5B,0xF77C,0xE71B,0xC5F7,0x528A,0xB595,0x4A69,0xCE38,0x9491,0x0821,0x0821,0x0821,0x6B49,0x6B49,0x6B48,0x6B48,0x7389,0x736A,0x6B69,0x6B48,0x8C6B,0x4A47,0x0861,0x2966,0x0883,0x10A2,0x10A2,0x0882,0x10A3,0x10A3,0x0821,0x1083,0x0060,0xEC2F,0xCBED,0xC3CE,0x6389,0x5B26,0x62E7,0xB5B5,0xFFBE,0xF77C,0xF7BD,0xF7BD,
0xFFBE,0xCE37,0xF7BD,0xCE37,0xFFDE,0xFFDE,0xD699,0xFFFF,0x0821,0x630C,0x5ACB,0x2945,0x0821,0x0821,0x0821,0x0821,0x6B48,0x6B69,0x6B49,0x7369,0x5287,0x6B28,0x7369,0x6B69,0x7369,0x6B28,0x4A67,0x10C3,0x0021,0x0021,0x0001,0x0001,0x08A2,0x0882,0x0882,0x0821,0xC38D,0xCBAC,0xCB4B,0x63EB,0x7B89,0x7B8A,0x73C9,0x2943,0x8430,0xFFFF,0xFFFF,0xF79D,0xF79D,0xFFBD,0xDEDA,0xFFBD,0xF79D,0xFFDE,0xFFFF,0xE71B,0xFFDE,0x8C50,0x3165,0x0821,0x0821,0x0821,0x0821,0x0821,
0x844C,0x6B48,0x7349,0x7369,0x6B49,0x6B69,0x7369,0x6B49,0x6B69,0x6B69,0x6B68,0x7389,0x736A,0x7368,0x842A,0x5288,0x840A,0x2104,0x08A2,0xE3EC,0xD3EC,0xDBCC,0x738A,0x6B28,0x62A7,0x7389,0x840B,0x0021,0x10A3,0x0882,0x10A2,0x0840,0x10A2,0x840F,0xDEDB,0xDEFB,0x9492,0x18C3,0x0882,0x10A3,0x1082,0x39E7,0x4A69,0x0821,0x0821,0x0821,0x0821,0x0821])

bmpPat1=array.array("H256",[0x0821, 0x0821, 0x0821, 0x0821, 0x0000, 0xF223, 0xF223, 0xF223,
							 0xF223, 0xF223, 0x0000, 0x0000, 0x0000, 0x0821, 0x0821, 0x0821,
							 0x0821, 0x0821, 0x0821, 0x0000, 0xF223, 0xF223, 0xF223, 0xF223,
							 0xF223, 0xF223, 0xF223, 0xF223, 0xF223, 0x0000, 0x0821, 0x0821,
							 0x0821, 0x0821, 0x0821, 0x0000, 0x9C03, 0x9C03, 0x9C03, 0xFE0F,
							 0xFE0F, 0x9C03, 0xFE0F, 0x0000, 0x0000, 0x0821, 0x0821, 0x0821,
							 0x0821, 0x0821, 0x0000, 0x9C03, 0xFE0F, 0x9C03, 0xFE0F, 0xFE0F,
							 0xFE0F, 0x9C03, 0xFE0F, 0xFE0F, 0xFE0F, 0x0000, 0x0821, 0x0821,
							 0x0821, 0x0821, 0x0000, 0x9C03, 0xFE0F, 0x9C03, 0x9C03, 0xFE0F,
							 0xFE0F, 0xFE0F, 0x9C03, 0xFE0F, 0xFE0F, 0xFE0F, 0x0000, 0x0821,
							 0x0821, 0x0821, 0x0000, 0x9C03, 0x9C03, 0xFE0F, 0xFE0F, 0xFE0F,
							 0xFE0F, 0x9C03, 0x9C03, 0x9C03, 0x9C03, 0x0000, 0x0821, 0x0821,
							 0x0821, 0x0821, 0x0821, 0x0000, 0x0000, 0xFE0F, 0xFE0F, 0xFE0F,
							 0xFE0F, 0xFE0F, 0xFE0F, 0xFE0F, 0x0000, 0x0821, 0x0821, 0x0821,
							 0x0821, 0x0821, 0x9C03, 0x9C03, 0x9C03, 0x9C03, 0xF223, 0xF223,
							 0x9C03, 0x9C03, 0x0000, 0x0000, 0x0000, 0x0000, 0x0000, 0x0821,
							 0xFE0F, 0xFE0F, 0x9C03, 0x9C03, 0x9C03, 0x9C03, 0xF223, 0xF223,
							 0xF223, 0x9C03, 0x9C03, 0x9C03, 0xFE0F, 0xFE0F, 0xFE0F, 0x0000,
							 0xFE0F, 0xFE0F, 0xFE0F, 0x0000, 0x9C03, 0x9C03, 0xF223, 0xFE0F,
							 0xF223, 0xF223, 0xF223, 0x9C03, 0x9C03, 0xFE0F, 0xFE0F, 0x0000,
							 0xFE0F, 0xFE0F, 0x0000, 0x0000, 0xF223, 0xF223, 0xF223, 0xF223,
							 0xF223, 0xF223, 0xF223, 0x0821, 0x0821, 0x9C03, 0x0000, 0x0821,
							 0x0821, 0x0821, 0x0000, 0xF223, 0xF223, 0xF223, 0xF223, 0xF223,
							 0xF223, 0xF223, 0xF223, 0xF223, 0x9C03, 0x9C03, 0x0000, 0x0821,
							 0x0821, 0x0000, 0xF223, 0xF223, 0xF223, 0xF223, 0xF223, 0xF223,
							 0xF223, 0xF223, 0xF223, 0xF223, 0x9C03, 0x9C03, 0x0000, 0x0821,
							 0x0000, 0x9C03, 0x9C03, 0xF223, 0xF223, 0xF223, 0x0000, 0x0000,
							 0x0000, 0xF223, 0xF223, 0xF223, 0x9C03, 0x9C03, 0x0000, 0x0821,
							 0x0000, 0x9C03, 0x9C03, 0x9C03, 0x0000, 0x0000, 0x0821, 0x0821,
							 0x0821, 0x0000, 0x0000, 0x0000, 0x0000, 0x0000, 0x0000, 0x0821,
							 0x0821, 0x0000, 0x9C03, 0x9C03, 0x9C03, 0x0000, 0x0821, 0x0821,
							 0x0821, 0x0821, 0x0821, 0x0821, 0x0821, 0x0821, 0x0821, 0x0821
                              ])
bmpPat2=array.array("H256",[0x0821, 0x0821, 0x0821, 0x0821, 0x0000, 0xF223, 0xF223, 0xF223,
							 0xF223, 0xF223, 0x0000, 0x0000, 0x0000, 0x0821, 0x0821, 0x0821,
							 0x0821, 0x0821, 0x0821, 0x0000, 0xF223, 0xF223, 0xF223, 0xF223,
							 0xF223, 0xF223, 0xF223, 0xF223, 0xF223, 0x0000, 0x0821, 0x0821,
							 0x0821, 0x0821, 0x0821, 0x0000, 0x9C03, 0x9C03, 0x9C03, 0xFE0F,
							 0xFE0F, 0x9C03, 0xFE0F, 0x0000, 0x0000, 0x0821, 0x0821, 0x0821,
							 0x0821, 0x0821, 0x0000, 0x9C03, 0xFE0F, 0x9C03, 0xFE0F, 0xFE0F,
							 0xFE0F, 0x9C03, 0xFE0F, 0xFE0F, 0xFE0F, 0x0000, 0x0821, 0x0821,
							 0x0821, 0x0821, 0x0000, 0x9C03, 0xFE0F, 0x9C03, 0x9C03, 0xFE0F,
							 0xFE0F, 0xFE0F, 0x9C03, 0xFE0F, 0xFE0F, 0xFE0F, 0x0000, 0x0821,
							 0x0821, 0x0821, 0x0000, 0x9C03, 0x9C03, 0xFE0F, 0xFE0F, 0xFE0F,
							 0xFE0F, 0x9C03, 0x9C03, 0x9C03, 0x9C03, 0x0000, 0x0821, 0x0821,
							 0x0821, 0x0821, 0x0821, 0x0000, 0x0000, 0xFE0F, 0xFE0F, 0xFE0F,
							 0xFE0F, 0xFE0F, 0xFE0F, 0xFE0F, 0x0000, 0x0821, 0x0821, 0x0821,
							 0x0821, 0x0821, 0x0821, 0x0000, 0x9C03, 0x9C03, 0xF223, 0x9C03,
							 0x9C03, 0x9C03, 0x0000, 0x0000, 0x0821, 0x0821, 0x0821, 0x0821,
							 0x0821, 0x0821, 0x0000, 0x9C03, 0x9C03, 0x9C03, 0x9C03, 0xF223,
							 0xF223, 0x9C03, 0x9C03, 0x0000, 0x0821, 0x0821, 0x0821, 0x0821,
							 0x0821, 0x0821, 0x0000, 0x9C03, 0x9C03, 0x9C03, 0xF223, 0xF223,
							 0xFE0F, 0xF223, 0xF223, 0xFE0F, 0x0000, 0x0821, 0x0821, 0x0821,
							 0x0821, 0x0821, 0x0000, 0x9C03, 0x9C03, 0x9C03, 0x9C03, 0xF223,
							 0xF223, 0xF223, 0xF223, 0xF223, 0x0000, 0x0821, 0x0821, 0x0821,
							 0x0821, 0x0821, 0x0000, 0xF223, 0x9C03, 0x9C03, 0xFE0F, 0xFE0F,
							 0xFE0F, 0xF223, 0xF223, 0xF223, 0x0000, 0x0821, 0x0821, 0x0821,
							 0x0821, 0x0821, 0x0821, 0x0000, 0xF223, 0x9C03, 0xFE0F, 0xFE0F,
							 0xF223, 0xF223, 0xF223, 0x0000, 0x0821, 0x0821, 0x0821, 0x0821,
							 0x0821, 0x0821, 0x0821, 0x0821, 0x0000, 0xF223, 0xF223, 0xF223,
							 0x9C03, 0x9C03, 0x9C03, 0x0000, 0x0821, 0x0821, 0x0821, 0x0821,
							 0x0821, 0x0821, 0x0821, 0x0821, 0x0000, 0x9C03, 0x9C03, 0x9C03,
							 0x9C03, 0x9C03, 0x9C03, 0x9C03, 0x0000, 0x0821, 0x0821, 0x0821,
							 0x0821, 0x0821, 0x0821, 0x0821, 0x0000, 0x9C03, 0x9C03, 0x9C03,
							 0x9C03, 0x0000, 0x0000, 0x0000, 0x0821, 0x0821, 0x0821, 0x0821])
bmpPat3=array.array("H256",[0x0821, 0x0821, 0x0821, 0x0821, 0x0821, 0x0000, 0x0000, 0x0000,
							 0x0000, 0x0000, 0x0821, 0x0821, 0x0821, 0x0821, 0x0821, 0x0821,
							 0x0821, 0x0821, 0x0821, 0x0821, 0x0000, 0xF223, 0xF223, 0xF223,
							 0xF223, 0xF223, 0x0000, 0x0000, 0x0000, 0x0821, 0x0821, 0x0821,
							 0x0821, 0x0821, 0x0821, 0x0000, 0xF223, 0xF223, 0xF223, 0xF223,
							 0xF223, 0xF223, 0xF223, 0xF223, 0xF223, 0x0000, 0x0821, 0x0821,
							 0x0821, 0x0821, 0x0821, 0x0000, 0x9C03, 0x9C03, 0x9C03, 0xFE0F,
							 0xFE0F, 0x9C03, 0xFE0F, 0x0000, 0x0000, 0x0821, 0x0821, 0x0821,
							 0x0821, 0x0821, 0x0000, 0x9C02, 0xFE0F, 0x9C03, 0xFE0F, 0xFE0F,
							 0xFE0F, 0x9C03, 0xFE0F, 0xFE0F, 0xFE0F, 0x0000, 0x0821, 0x0821,
							 0x0821, 0x0821, 0x0000, 0x9C03, 0xFE0F, 0x9C03, 0x9C03, 0xFE0F,
							 0xFE0F, 0xFDEF, 0x9C03, 0xFE0F, 0xFE0F, 0xFE0F, 0x0000, 0x0821,
							 0x0821, 0x0821, 0x0000, 0x9C03, 0x9C03, 0xFE0F, 0xFE0F, 0xFE0F,
							 0xFE0F, 0x9C03, 0x9C03, 0x9C03, 0x9C03, 0x0000, 0x0821, 0x0821,
							 0x0821, 0x0821, 0x0821, 0x0000, 0x0000, 0xFE0F, 0xFE0F, 0xFE0F,
							 0xFE0F, 0xFE0F, 0xFE0F, 0xFE0F, 0x0000, 0x0821, 0x0821, 0x0821,
							 0x0821, 0x0821, 0x0821, 0x0000, 0x9C03, 0x9C03, 0x9C03, 0x9C22,
							 0xF223, 0x9C03, 0x0000, 0xFE0F, 0x0000, 0x0821, 0x0821, 0x0821,
							 0x0821, 0x0821, 0x0000, 0xFE0F, 0x9C03, 0x9C03, 0x9C03, 0x9C03,
							 0x9C03, 0x9C03, 0xFE0F, 0xFE0F, 0xFE0F, 0x0000, 0x0821, 0x0821,
							 0x0821, 0x0000, 0xFE0F, 0xFE0F, 0xF223, 0x9C03, 0x9C03, 0x9C03,
							 0x9C03, 0x9C03, 0xFE0F, 0xFE0F, 0xFE0F, 0x0000, 0x0821, 0x0821,
							 0x0821, 0x0000, 0x9C03, 0x9C03, 0xF223, 0xF223, 0xF223, 0xF223,
							 0xF223, 0xF223, 0xF223, 0x0000, 0x0000, 0x0821, 0x0821, 0x0821,
							 0x0821, 0x0000, 0x9C03, 0xF223, 0xF223, 0xF223, 0xF223, 0xF223,
							 0xF223, 0xF223, 0xF223, 0x0000, 0x0821, 0x0821, 0x0821, 0x0821,
							 0x0000, 0x9C03, 0x9C03, 0xF223, 0xF223, 0xF223, 0x0000, 0xF223,
							 0xF223, 0xF223, 0x0000, 0x0821, 0x0821, 0x0821, 0x0821, 0x0821,
							 0x0000, 0x9C03, 0x0000, 0x0000, 0x0000, 0x0000, 0x9C03, 0x9C03,
							 0x9C03, 0x0000, 0x0821, 0x0821, 0x0821, 0x0821, 0x0821, 0x0821,
							 0x0821, 0x0000, 0x0821, 0x0821, 0x0821, 0x0000, 0x9C03, 0x9C03,
							 0x9C03, 0x9C03, 0x0000, 0x0821, 0x0821, 0x0821, 0x0821, 0x0821])

wordarray=array.array("H20480",[
0xFA87,0xFA87,0xFAA8,0xFAA8,0xFA88,0xFA87,0xFA87,0xFAA8,0xFA88,0xFA27,0xFA68,0xFAA9,0xFA88,0xFA88,0xFA68,0xFA68,0xFA47,0xFAA8,0xFA47,0xFA87,0xFA67,0xFA67,0xFA47,0xFA66,0xFAA6,0xFAC8,0xFAC8,0xFAA8,0xFAA8,0xFA87,0xFAA8,0xFAA8,0xFAC8,0xFAC8,0xFAA8,0xFAC8,0xFAA8,0xFA87,0xFA47,0xFAA8,0xFAC8,0xFAA8,0xFAE8,0xFB28,0xFB09,0xFAE9,0xFB2A,0xFA87,0xFAA8,0xFB0A,0xFAA8,0xFAE9,0xFAC8,0xFB09,0xFAC9,0xFB09,0xFAC8,0xFAA8,0xFAE8,0xFAA8,0xFB09,0xFA67,0xFA46,0xFA67,0xF9E6,0xFA67,0xFA67,0xFA87,0xFA67,0xFA45,0xFA86,0xFAA7,0xFA46,0xFA46,0xF9C6,0xFA06,0xFA47,0xFA06,0xFA47,0xFA47,0xFA88,0xFA27,0xFA47,0xFA27,0xFA67,0xFA68,0xFA47,0xFA89,0xFAA8,0xFA88,0xFA47,0xFA47,0xFA06,0xFA06,0xFA26,0xFAA8,0xFA66,0xFA86,0xFA86,0xFA25,0xFAC8,0xFAC8,0xFA87,0xFA87,0xFA67,0xFA87,0xFA47,0xFA67,0xFAA8,0xFA47,0xFAA6,0xFAE8,0xFA88,0xFAA8,0xFAC9,0xFAA9,0xFAA9,0xFAA9,0xFB0A,0xFA48,0xFA67,0xFAC9,0xFB0A,0xFAA9,0xFAA8,0xFA88,0xFAA8,0xFB6C,
0xFBCB,0xFB8A,0xFB69,0xFB8A,0xFB8B,0xFBEC,0xFBCB,0xFBEC,0xFB8A,0xFB8A,0xFBAA,0xFB4A,0xFB8A,0xFB8B,0xFB69,0xFC0C,0xFBAB,0xFBEC,0xFC0C,0xFC2C,0xFBEC,0xFC0C,0xFBEB,0xFB8B,0xFB8B,0xFC0C,0xFC0B,0xFC0C,0xFBCB,0xFBCA,0xFC6D,0xFC2C,0xFBEB,0xFBCA,0xFBEB,0xFC0B,0xFC0B,0xFBAA,0xFC2C,0xFC4C,0xFC2C,0xFC6D,0xFC8D,0xFC4C,0xFCAD,0xFCAD,0xFCAD,0xFC8D,0xFC4C,0xFC4D,0xFC4C,0xFC8D,0xFCAD,0xFCCF,0xFC8D,0xFC4C,0xFBEA,0xFBCB,0xFC0B,0xFC2C,0xFC0B,0xFB89,0xFC0C,0xDB29,0xE3CB,0xDB69,0xFBCB,0xFB49,0xFB69,0xFB48,0xFB89,0xFB69,0xFB69,0xFB49,0xFBAA,0xFB69,0xFB8A,0xFB6A,0xFB49,0xFB6A,0xFB28,0xFB89,0xFB69,0xFB6A,0xFBAA,0xFB89,0xFB69,0xFB8A,0xFB6A,0xFB48,0xFB69,0xFB48,0xFB89,0xFB89,0xFB89,0xFB89,0xFBCA,0xFBCA,0xFBEB,0xFC0B,0xFC2B,0xFC0B,0xFCAE,0xFC2B,0xFC6C,0xFC8D,0xFC4C,0xFC8D,0xFC6C,0xFC4C,0xFC0B,0xFC6C,0xFBCC,0xFBEC,0xFBAA,0xFBEB,0xFB8A,0xFBCA,0xFB6A,0xFB28,0xFBCB,0xFBAB,0xFB49,0xFB6A,0xFBCB,0xFB49,0xFB69,0xFBEB,
0xFE10,0xFDD0,0xFDD1,0xFDF1,0xFDB0,0xFE13,0xFDD1,0xFDF1,0xFDD1,0xFDD1,0xFD90,0xFD91,0xFD70,0xFD6F,0xFDB0,0xFDD0,0xFDD0,0xFDD2,0xFDD1,0xFDF1,0xFDD1,0xFDF1,0xFDF1,0xFE12,0xFDF1,0xFE11,0xFE11,0xFDB1,0xFDB0,0xFDD1,0xFDD1,0xFDB1,0xFDB1,0xFD91,0xFDD1,0xFE12,0xFDAF,0xFDF1,0xFDB0,0xFE32,0xFDF1,0xFDF1,0xFE52,0xFE73,0xFE93,0xFE32,0xFE52,0xFE52,0xFE52,0xFE53,0xFE54,0xFE13,0xFE13,0xFE53,0xFE73,0xFE52,0xFE32,0xFE12,0xFDB0,0xFD91,0xFDF2,0xFDB1,0xFD90,0xFD50,0xFD70,0xEC6D,0xFD2F,0xFD91,0xFD50,0xFD2F,0xFD91,0xFD2F,0xFD50,0xFCCF,0xFD50,0xFD2F,0xFD2F,0xFCEF,0xFCEE,0xFD0F,0xFCEF,0xFCEF,0xFD30,0xFD0E,0xFCCD,0xFD0E,0xFD2F,0xFD2F,0xFD4F,0xFD2F,0xFD0E,0xFD2E,0xFD4F,0xFD70,0xFDD1,0xFD2F,0xFD50,0xFD70,0xFDF2,0xFE32,0xFDD0,0xFDB0,0xFDF0,0xFDF0,0xFE13,0xFDD0,0xFDD0,0xFDF1,0xFDD1,0xFD90,0xFD6F,0xFD70,0xE206,0xFA06,0xFA06,0xF9E6,0xF9C6,0xF9A5,0xFA25,0xF9C5,0xF9C6,0xFA06,0xF9C5,0xF184,0xF985,0xF984,0xD1C4,0xFD0F,
0xFF17,0xFF17,0xFF16,0xFF37,0xFF16,0xFED5,0xFED6,0xFEF6,0xFED6,0xFEF6,0xFEF7,0xFED7,0xFED6,0xFEB5,0xFEB5,0xFEB5,0xFED5,0xFEF7,0xFF17,0xFEF5,0xFED5,0xFEF6,0xFEF5,0xFEB5,0xFED5,0xFEF6,0xFED5,0xFEB5,0xFEB5,0xFED5,0xFEB5,0xFE94,0xFE94,0xFED5,0xFEB5,0xFED5,0xFED6,0xFEB5,0xFED5,0xFED6,0xFF16,0xFEF6,0xFF16,0xFF17,0xFF17,0xFF16,0xFEF6,0xFF16,0xFEF7,0xFEF7,0xFF17,0xFF18,0xFF38,0xFEF7,0xFEF7,0xFF17,0xFED6,0xFEF6,0xFEF6,0xFEB5,0xFEB5,0xFEB5,0xFEB4,0xFEB5,0xFE73,0xFE74,0xFE74,0xFE94,0xFE74,0xFE33,0xFE53,0xFE53,0xFE54,0xFE32,0xFE12,0xFE13,0xFE53,0xFE33,0xFE53,0xFE33,0xFE94,0xFE53,0xFE54,0xFE32,0xFE12,0xFE12,0xFE12,0xFE12,0xFE12,0xFDD1,0xFE33,0xFE32,0xFE32,0xFE53,0xFE94,0xFE12,0xFEB5,0xFE94,0xFE53,0xFE52,0xFE73,0xFEB4,0xFED5,0xFE74,0xFE75,0xFE95,0xFE94,0xFE95,0xFEB5,0xFE53,0xFE33,0xFE34,0xE206,0xF9E6,0xFA47,0xF9C5,0xF9A5,0xFA07,0xFA46,0xF9A5,0xF9E7,0xF1A6,0xF9A5,0xFA05,0xF9A5,0xF9A5,0xD1E5,0xFD70,
0xFF7A,0xFF7A,0xFF59,0xFF79,0xFF59,0xFF59,0xFF7A,0xFF5A,0xFF5A,0xFF39,0xFF7A,0xFF59,0xFF59,0xFF59,0xFF38,0xFF17,0xFF59,0xFF59,0xFF7A,0xFF7A,0xFF59,0xFF59,0xFF78,0xFF58,0xFF58,0xFF59,0xFF59,0xFF17,0xFF17,0xFF37,0xFF37,0xFF17,0xFF38,0xFF38,0xFF38,0xFF38,0xFF59,0xFF59,0xFF79,0xFF79,0xFF59,0xFF59,0xFF38,0xFF59,0xFF79,0xFF7A,0xFF59,0xFF7A,0xFF59,0xFF79,0xFF58,0xFF59,0xFF39,0xFF59,0xFF57,0xFF79,0xFF59,0xFF39,0xFF59,0xFF38,0xFF37,0xFF58,0xFF17,0xFEF6,0xFF17,0xFF16,0xFF37,0xFF16,0xFF16,0xFEF6,0xFF17,0xFF36,0xFF37,0xFF38,0xFF38,0xFEF7,0xFEF7,0xFF17,0xFF17,0xFF37,0xFF37,0xFEF7,0xFED6,0xFED6,0xFED6,0xFEB6,0xFEF6,0xFED6,0xFED6,0xFEB5,0xFEF6,0xFF17,0xFED6,0xFF17,0xFEF6,0xFEF6,0xFF17,0xFEF6,0xFF17,0xFF17,0xFF17,0xFF38,0xFF38,0xFF18,0xFF18,0xFF38,0xFEF7,0xFF18,0xFEF8,0xFEF7,0xFED7,0xFEB6,0xD9A5,0xF9C5,0xFA06,0xF9C5,0xFA06,0xFA26,0xFA46,0xF206,0xE1C7,0x8080,0x8041,0xF9C4,0xE964,0xFA47,0xD9C4,0xFE95,
0xFFBB,0xFFBB,0xFF9A,0xFF9A,0xFF9A,0xFF9A,0xFF9B,0xFF7A,0xFF7A,0xFF7A,0xFF59,0xFF79,0xFF59,0xFF79,0xFF7A,0xFF9A,0xFF79,0xFF7A,0xFF7A,0xFF59,0xFF59,0xFF59,0xFF79,0xFF59,0xFF59,0xFF59,0xFF79,0xFF58,0xFF58,0xFF58,0xFF58,0xFF38,0xFF59,0xFF79,0xFF59,0xFF7A,0xFF7A,0xFF79,0xFF79,0xFF9A,0xFF79,0xFF79,0xFF79,0xFF79,0xFF79,0xFF7A,0xFF7A,0xFF7A,0xFF7A,0xFF7A,0xFF79,0xFF7A,0xD593,0x73CE,0xA533,0xFF79,0xFF79,0xFF7A,0xFF7A,0xE697,0xF6D8,0xDE15,0xFF58,0xFF78,0xFF58,0xFF58,0xFF58,0xFF58,0xFF58,0xFF38,0xFF38,0xFF59,0xFF38,0xFF58,0xFF39,0xFF59,0xFF59,0xFF39,0xFF39,0xFF39,0xFF59,0xFF59,0xFF39,0xFF39,0xFF38,0xFF38,0xFF18,0xFF38,0xFF38,0xFF38,0xFF39,0xFF59,0xFF39,0xFF58,0xFF59,0xFF59,0xFF59,0xFF59,0xFF59,0xFF58,0xFF58,0xFF58,0xFF78,0xFF38,0xFF59,0xFF59,0xFF38,0xFF59,0xFF38,0xFF38,0xFF59,0xFF39,0xC205,0xF984,0xF9A5,0xF9A5,0xF9A5,0xF9C6,0xF9E6,0xF984,0xD986,0xCA09,0x9903,0xE945,0xF144,0xF9A5,0xC9A4,0xFED7,
0xFFBB,0xFFBB,0xFFBB,0xFF9B,0xFF9B,0xFF9A,0xFFBB,0xFF9B,0xFF9A,0xFF9A,0xFF9A,0xFF9A,0xFF9A,0xFF9A,0xFF7A,0xFF9A,0xFF9A,0xFF9A,0xFF7A,0xFF9A,0xFF7A,0xFF59,0xFF7A,0xFF79,0xFF7A,0xFF59,0xFF7A,0xFF79,0xFF59,0xFF79,0xFF59,0xFF59,0xFF79,0xFF79,0xFF9A,0xFF79,0xFF7A,0xFF7A,0xFF79,0xFF79,0xFF9A,0xFF7A,0xFF9A,0xFF9A,0xFF7A,0xFF79,0xFF9A,0xFF9A,0xFF9A,0xFF7A,0xFF9A,0xFF7A,0xFF9B,0xFF7A,0xFF7B,0xFF9A,0xFF7A,0xFF9A,0xFF79,0x2A46,0x6BCD,0xFF9A,0xFF7A,0xFF7A,0xFF79,0xFF79,0xFF7A,0xFF79,0xFF58,0xBD2F,0xDE77,0x7BCC,0xFF59,0xFF79,0xFF79,0xFF79,0xFF7A,0xFF7A,0xFF59,0xFF79,0xFF7A,0xFF79,0xFF59,0xFF79,0xFF59,0xFF59,0xFF59,0xFF59,0xFF59,0xFF59,0xFF59,0xFF59,0xFF59,0xFF79,0xFF79,0xFF59,0xFF79,0xFF59,0xFF79,0xFF79,0xFF79,0xFF59,0xFF78,0xFF59,0xFF79,0xFF79,0xFF7A,0xFF59,0xFF59,0xFF39,0xFF59,0xFF59,0xE2A7,0xF9C4,0xFA05,0xF9C5,0xFA06,0xFA05,0xFA24,0xF964,0xC985,0x7841,0x8021,0x5880,0xE965,0xF984,0xD184,0xFF38,
0xFFBB,0xFFBC,0xFFBB,0xFF9B,0xFFBB,0xFF9B,0xFF9A,0xFF9A,0xFF9A,0xFF9A,0xFF7A,0xFF9A,0xFF9A,0xFF9B,0xFF9A,0xFF7A,0xFF9A,0xFF9A,0xFF9A,0xFF7A,0xFF7A,0xFF7A,0xFF7A,0xFF7A,0xFF79,0xFF79,0xFF7A,0xFF7A,0xFF7A,0xFF7A,0xFF59,0xFF79,0xFF79,0xFF79,0xFF79,0xFF79,0xFF79,0xFF7A,0xFF79,0xFF7A,0xFF7A,0xFF9A,0xFF79,0xFF7A,0xFF7A,0xFF9A,0xFF9A,0xFF7A,0xFF9A,0xFF9A,0xFF7A,0xFF9A,0xFF9A,0xFF9A,0xFF7A,0xFF9A,0xFF9A,0xFF9A,0xFF7A,0xFF9B,0xFF99,0xFF7A,0xFF7A,0xFF7A,0xFF7A,0xFF7A,0xFF7A,0xFF79,0xFF99,0xFF99,0xFF9A,0xFF7A,0xFF9A,0xFF7A,0xFF9A,0xFF7A,0xFF7A,0xFF7A,0xFF7A,0xFF9A,0xFF7A,0xFF7A,0xFF7A,0xFF79,0xFF7A,0xFF59,0xFF59,0xFF79,0xFF79,0xFF5A,0xFF5A,0xFF79,0xFF59,0xFF79,0xFF7A,0xFF79,0xFF7A,0xFF59,0xFF79,0xFF7A,0xFF7A,0xFF7A,0xFF7A,0xFF7A,0xFF7A,0xFF9A,0xFF7A,0xFF7A,0xFF7A,0xFF79,0xFF59,0xFF59,0xDA05,0xF9A4,0xF9E5,0xF9A4,0xF9E5,0xF9C4,0xF984,0xF964,0xA882,0xB165,0xB166,0xD1A6,0xE943,0xF183,0xC902,0xFF18,
0xFFBC,0xFF9B,0xFFBB,0xFF9B,0xFF9B,0xFFBB,0xFF9B,0xFF9B,0xFF7A,0xFF9B,0xFF9A,0xFF9B,0xFF9A,0xFF9B,0xFF9A,0xFF79,0xFF9B,0xFF9A,0xFF9A,0xFF7A,0xFF7A,0xFF7A,0xFF79,0xFF7A,0xFF79,0xFF7A,0xFF7A,0xFF7A,0xFF7A,0xFF99,0xFF79,0xFF79,0xFF79,0xFF99,0xFF9A,0xFF9A,0xFF9A,0xFF7A,0xFF9A,0xFF9A,0xFF7A,0xFF9A,0xFF9A,0xFF9A,0xFF9A,0xFF9A,0xFF9A,0xFF9A,0xFF7A,0xFF9A,0xFF9A,0xFF9B,0xFF9B,0xFF9A,0xFF7A,0xFF9B,0xFF9B,0xFF9A,0xFF7A,0xFF7A,0xFF9A,0xFF9A,0xFF9A,0xFF9A,0xFF79,0xFF7A,0xFF7A,0xFF9A,0xFF9A,0xFF7A,0xFF7A,0xFF7A,0xFF7A,0xFF9A,0xFF7A,0xFF7A,0xFF7A,0xFF9A,0xFF9A,0xFF9B,0xFF7A,0xFF9A,0xFF5A,0xFF7A,0xFF7A,0xFF59,0xFF7A,0xFF7A,0xFF79,0xFF7A,0xFF7A,0xFF7A,0xFF7A,0xFF7A,0xFF9A,0xFF79,0xF718,0xFF79,0xFF79,0xFF7A,0xFF9A,0xFF7A,0xFF79,0xFF79,0xFF79,0xFF9A,0xFF59,0xFF7A,0xFF9A,0xFF59,0xFF7A,0xFF7A,0xCA46,0xF983,0xF984,0xF985,0xF964,0xF9E4,0xF9C6,0xF984,0xF964,0xF923,0xF163,0xF9C4,0xF143,0xF163,0xD183,0xFF59,
0xFFBB,0xFFBB,0xFFBB,0xFF9B,0xFF9B,0xFF9A,0xFF9B,0xFF9A,0xFF9A,0xFF9A,0xFF9A,0xFF9A,0xFF9A,0xFF9A,0xFF9A,0xFF9A,0xFF7A,0xFF9A,0xFF9A,0xFF9A,0xFF9A,0xFF7A,0xFF79,0xFF7A,0xFF7A,0xFF9A,0xFF7A,0xFF9A,0xFF79,0xFF99,0xFF9A,0xFF9A,0xFF9A,0xFF79,0xFF79,0xFF9A,0xFF7A,0xFF9A,0xFF9A,0xFF9A,0xFF9A,0xFF9A,0xFF9A,0xFF9A,0xFF9A,0xFFBA,0xFF9A,0xFF9A,0xFF9A,0xFF9A,0xFF9A,0xFFBB,0xFF9A,0xFF9A,0xFF9A,0xFF9A,0xFF9A,0xFFBB,0xFF9A,0xFF9B,0xFF9A,0xFF9A,0xFF9A,0xFF9A,0xFF79,0xFF9A,0xFF7A,0xFF9A,0xFF7A,0xFF9A,0xFF9A,0xFF9A,0xFF9A,0xFF9A,0xFF7A,0xFF7A,0xFF7A,0xFF7A,0xFF7A,0xFF7A,0xFF9A,0xFF9A,0xFF9A,0xFF9A,0xFF9A,0xFF7A,0xFF7A,0xFF7A,0xFF7A,0xFF79,0xFF7A,0xFF7A,0xFF7A,0xFF9A,0xFF9A,0xFF79,0xFF79,0xFF7A,0xFF9A,0xFF7A,0xFF7A,0xFF9A,0xFF9A,0xFF7A,0xFF7A,0xFF9A,0xFF7A,0xFF59,0xFF7A,0xFF7A,0xFF7A,0xFF79,0xBA05,0xF9C5,0x7041,0xD187,0xB985,0xF9A6,0xF984,0xF964,0xF942,0xE143,0xD965,0xC921,0xE943,0xF163,0xD963,0xFF59,
0xFFBB,0xFFBB,0xFFBA,0xFFBA,0xFFBB,0xFF9B,0xFF9A,0xFF9A,0xFF9B,0xFF9B,0xFF9A,0xFF9A,0xFF9B,0xFF9B,0xFF9A,0xFF9A,0xFF9A,0xFF9A,0xFF9A,0xFF9A,0xFF9A,0xFF79,0xFF7A,0xFF7A,0xFF79,0xFF7A,0xFF9A,0xFF7A,0xFF9A,0xFF7A,0xFF9A,0xFF9A,0xFF9A,0xFF9A,0xFF9A,0xFF9A,0xFF9A,0xFF9A,0xFFBA,0xFF9A,0xFF9A,0xFF9B,0xFFBA,0xFF9A,0xFFBA,0xFF9A,0xFF9B,0xFF9B,0xFF9B,0xFFBB,0xFF9B,0xFF9B,0xFFBB,0xFF9B,0xFFBB,0xFF9A,0xFF9B,0xFF9A,0xFF9A,0xFFBB,0xFF9B,0xFF9A,0xFF9B,0xFF79,0xB4F2,0x7B8E,0x95B5,0xC5B2,0xFF9A,0xFF9A,0xFF9A,0xFF9A,0xFF9A,0xFF9A,0xFF9A,0xFF9A,0xFF9A,0xFF9A,0xFF9A,0xFF9A,0xFF9A,0xFF7A,0xFF9A,0xFF9A,0xFF9A,0xFF9A,0xFF7A,0xFF9A,0xFF9A,0xFF7A,0xFF9A,0xFF9A,0xFF9A,0xFF9A,0xFF9A,0xFF9A,0xFF9A,0xFF9A,0xFF7A,0xFF7A,0xFF9A,0xFF9A,0xFF9A,0xFF9A,0xFF9A,0xFF9A,0xFF9A,0xFF9A,0xFF7A,0xFF9A,0xFF9A,0xFF59,0xD9E5,0xF9A4,0x6880,0xB9A6,0x5041,0x7060,0xF985,0xF9C5,0xB902,0xE145,0x88E5,0xC945,0x6840,0xE123,0xD984,0xFF59,
0xFFBB,0xFFBB,0xFFBA,0xFFBA,0xFF9B,0xFF9B,0xFFBB,0xFFBB,0xFF9B,0xFF9B,0xFF9B,0xFF9A,0xFF9B,0xFF9A,0xFF7A,0xFF9A,0xFF7A,0xFF7A,0xFF9A,0xFF9A,0xFF7A,0xFF9A,0xFF9A,0xFF7A,0xFF9A,0xFF9A,0xFF9A,0xFF9A,0xFF7A,0xFF9A,0xFF7B,0xFF9A,0xFF9B,0xFF9A,0xFF9A,0xFF9A,0xFF7A,0xFF9A,0xFF9A,0xFF9A,0xFFBB,0xFF9B,0xFFBA,0xFFBB,0xFFBA,0xFFBA,0xFF9A,0xFF9A,0xFF9A,0xFF9A,0xFFBB,0xFF9B,0xFFBB,0xFFBB,0xFFBB,0xFFBB,0xFFBB,0xFFBB,0xFF9A,0xFF9A,0xFF9A,0xFF9A,0xFF9B,0xFF78,0xFF9A,0xFF9B,0x9C6E,0xFF9A,0xFF9A,0xFF7A,0xFF9A,0xFF9A,0xFF9A,0xFF9A,0xFF9A,0xFF9A,0xFF9A,0xFF9A,0xFF9A,0xFF9A,0xFF9A,0xFF9A,0xFF9A,0xFF9A,0xFF9A,0xFF9A,0xFF9A,0xFF9A,0xFF9A,0xFF9A,0xFFBB,0xFF9A,0xFF9A,0xFF9A,0xFFBA,0xFF9A,0xFF9A,0xFF9A,0xFF7A,0xFF79,0xFF9A,0xFF7A,0xFF9A,0xFF9A,0xFF9A,0xFF9A,0xFF7A,0xFF9A,0xFF9A,0xFF7A,0xFF9A,0xFF7A,0xE206,0xF983,0x4041,0xF144,0x4083,0xF9C3,0xF9A5,0xF9C5,0xF142,0xD103,0xE0C4,0xF961,0xF943,0xF943,0xD1C3,0xFF39,
0xFFBB,0xFF9B,0xFFBB,0xFFBB,0xFFBB,0xFF9B,0xFF9B,0xFFBB,0xFF9B,0xFF9A,0xFF9A,0xFF9A,0xFF9A,0xFF9A,0xFF9A,0xFF9A,0xFF9A,0xFF9A,0xFF9B,0xFF7A,0xFF9A,0xFF9A,0xFF9A,0xFF9A,0xFF9A,0xFF7A,0xFF9A,0xFF7A,0xFF7A,0xFF9A,0xFF7A,0xFF9A,0xFF9A,0xFF9A,0xFFBB,0xFFBB,0xFFBB,0xFF9A,0xFF9A,0xFFBA,0xFFBA,0xFF9A,0xFFBB,0xFF9B,0xFF9A,0xFF9A,0xFF9B,0xFFBB,0xFF9B,0xFFBB,0xFFBB,0xFFBB,0xFF9B,0xFFBB,0xFFBB,0xFFBB,0xFFBB,0xFFBB,0xFFBB,0xFFBB,0xFF9A,0xFF9B,0xFF9B,0xFF9A,0xFF9A,0xFF9B,0xFF9B,0xFF9A,0xFF9A,0xFF9B,0xFF9A,0xFFBB,0xFF9A,0xFF9A,0xFF9A,0xFF9B,0xFF9A,0xFF9A,0xFF7A,0xFF9A,0xFF9A,0xFF9A,0xFF9A,0xFF9A,0xFF9A,0xFF9A,0xFF7A,0xFF7A,0xFF9A,0xFF9A,0xFF9A,0xFFBB,0xFF9A,0xFFBB,0xFF9A,0xFF9A,0xFF9A,0xFF9A,0xFF9A,0xFF7A,0xFF9A,0xFF7A,0xFF9A,0xFF7A,0xFF79,0xFF9A,0xFF9A,0xFF9A,0xFF9A,0xFF7A,0xFF9A,0xFF99,0xA963,0xF984,0x9061,0xD922,0x6060,0x5840,0xF9A4,0xF984,0xF922,0xE922,0xF942,0xE900,0xF983,0xE922,0xE1A3,0xFF5A,
0xFFBB,0xFFBB,0xFFBC,0xFFBB,0xFFBB,0xFFBB,0xFF9B,0xFF9B,0xFF9B,0xFF9B,0xFF9B,0xFF9A,0xFF9A,0xFF9B,0xFF9A,0xFF9A,0xFF9A,0xFF9A,0xFF9A,0xFF9A,0xFF7A,0xFF9A,0xFF9A,0xFF9A,0xFF9A,0xFF9A,0xFF9A,0xFF9A,0xFF9A,0xFF9A,0xFFBB,0xFF9B,0xFF9A,0xFF9A,0xFF9A,0xFFBB,0xFF9B,0xFF9B,0xFF9A,0xFFBA,0xFF9A,0xFF9A,0xFF9A,0xFF9B,0xFFBA,0xFFBA,0xFF9B,0xFF9A,0xFFBB,0xFF9B,0xFF9A,0xFF9B,0xFFBB,0xFFBB,0xFFBB,0xFFBB,0xFFBB,0xFFBB,0xFFBB,0xFF9B,0xFFBB,0xFF9B,0xFF9B,0xFF9A,0xFF9B,0xFFBB,0xFFBB,0xFF9A,0xFF9A,0xFFBB,0xFFBB,0xFF9A,0xFF9B,0xFFBB,0xFF9A,0xFF9A,0xFF9B,0xFF9A,0xFF9A,0xFF9A,0xFF7A,0xFF9A,0xFF9A,0xFF9A,0xFF9A,0xFF9A,0xFF9A,0xFF7A,0xFF9A,0xFF9A,0xFF9A,0xFF9A,0xFF9A,0xFF9A,0xFF9A,0xFF9A,0xFF9A,0xFF9A,0xFF9A,0xFF7A,0xFF7A,0xFF7A,0xFF7A,0xFF9A,0xFF9A,0xFF7A,0xFF9A,0xFF79,0xFF9A,0xFF9A,0xFF9A,0xFF79,0xCA66,0xF963,0xD965,0xF1A3,0xF986,0xF962,0xF944,0xF964,0xD904,0x8081,0x6862,0xA8A1,0xF9C5,0xF143,0xD143,0xFF5A,
0xFFBB,0xFFBB,0xFFBB,0xFFBB,0xFF9B,0xFFBB,0xFFBB,0xFFBB,0xFF9B,0xFF9B,0xFF9A,0xFF9A,0xFF9A,0xFF7A,0xFF7A,0xFF9A,0xFF7A,0xFF9A,0xFF9A,0xFFBA,0xFF9B,0xFF9B,0xFF9B,0xFF9A,0xFF9A,0xFF9A,0xFF9A,0xFF9A,0xFF9B,0xFF9B,0xFFBB,0xFF9A,0xFF9A,0xFFBB,0xFFBB,0xFFBB,0xFF9A,0xFF9A,0xFF9B,0xFF9A,0xFFBA,0xFF9A,0xFF9A,0xFF9B,0xFFBA,0xFF9A,0xFFBB,0xFFBB,0xFF9A,0xFF9A,0xFF9A,0xFFBB,0xFFBB,0xFF9A,0xFF9B,0xFF9B,0xFF9B,0xFF9B,0xFFBB,0xFF9A,0xFF9B,0xFF9B,0xFF9A,0xFF9A,0xFF9A,0xFFBA,0xFF9B,0xFF9A,0xFF9B,0xFF9A,0xFF79,0xFF9A,0xFFBB,0xFFBB,0xFF9A,0xFF9A,0xFF9B,0xFF9B,0xFF9A,0xFF9A,0xFF9A,0xFF9A,0xFF9A,0xFF9A,0xFF9A,0xFF9A,0xFF9A,0xFF7A,0xFF9A,0xFF9A,0xFF7A,0xFF7A,0xFF7A,0xFF9A,0xFF9A,0xFF7A,0xFF79,0xFF9A,0xFF9A,0xFF9A,0xFF9A,0xFF9A,0xFF9A,0xFF9A,0xFF7A,0xFF79,0xFF9A,0xFF9A,0xFF7A,0xFF79,0xFF9A,0xFF59,0xCA46,0xF9A4,0xE8E4,0x70A1,0xC248,0xF982,0xF966,0xF9C3,0xF103,0xC9A4,0xD184,0xF163,0xF9A5,0xF144,0xD163,0xFF39,
0xFFBB,0xFFBB,0xFF9B,0xFFBB,0xFFBB,0xFF9A,0xFF9A,0xFF9A,0xFFBB,0xFF9B,0xFF9A,0xFF9A,0xFF9A,0xFF7A,0xFF7A,0xFF9A,0xFF7A,0xFF9A,0xFF9A,0xFFBB,0xFF9B,0xFF9A,0xFF7A,0xFF9A,0xFF9A,0xFF9A,0xFF9A,0xFF9A,0xFFBB,0xFF9B,0xFF7A,0xFF79,0xFF9A,0xFF9A,0xFF9B,0xFFBA,0xFF7A,0xFF9A,0xFFBB,0xFF9B,0xFF9A,0xFF9A,0xFF9A,0xFF7A,0xFFBA,0xFF9A,0xFFBB,0xFF9A,0xFFBB,0xFFBB,0xFF9A,0xFFBB,0xFFBB,0xFFBB,0xFFBB,0xFFBB,0xFFBB,0xFF9B,0xFFBB,0xFF9B,0xFF9A,0xFF9B,0xFF9B,0xFF9A,0xFF9A,0xFF9A,0xFFBB,0xFF9A,0xFF9A,0xFF9A,0xFF9A,0xFF9A,0xFF9A,0xFF9A,0xFF9A,0xFF9A,0xFFBB,0xFF7B,0xFF9A,0xFF9A,0xFF9A,0xFF9A,0xFF9A,0xFF9A,0xFF9A,0xFF9A,0xFF7A,0xFF9A,0xFF9A,0xFF9A,0xFF7A,0xFFBA,0xFF7A,0xFF9A,0xFF7A,0xFF9A,0xFF7A,0xFF9A,0xFF9A,0xFF7A,0xFF7A,0xFF9A,0xFF7A,0xFF7A,0xFF9A,0xFF7A,0xFF79,0xFF79,0xFF7A,0xFF7A,0xFF7A,0xFF79,0xCA65,0xF963,0x5821,0x7080,0x68C3,0xF981,0xF923,0xF984,0xE0E3,0xF8A3,0xF985,0xF944,0xD1A5,0xD123,0xE163,0xFF7A,
0xFFBB,0xFFBB,0xFFBB,0xFFBB,0xFF9A,0xFFBB,0xFF9B,0xFF9A,0xFF9B,0xFF7A,0xFF9A,0xFF9A,0xFF9A,0xFF7A,0xFF9A,0xFF9A,0xFF9A,0xFF9B,0xFF9A,0xFF9A,0xFF9A,0xFF9A,0xFF9B,0xFF9A,0xFF7A,0xFF9A,0xFF9A,0xFF9B,0xFF9B,0xFF9A,0xFF9A,0xFF9A,0xFF9A,0xFF9A,0xFF7A,0xFFBA,0xFF9A,0xFF9B,0xFFBA,0xFF9A,0xFFBB,0xFF9A,0xFF9A,0xFF79,0xFFBA,0xFFBA,0xFF9A,0xFF9A,0xFF9A,0xFFBB,0xFFBB,0xFFBB,0xFFBB,0xFF9B,0xFFBB,0xFF9A,0xFF9A,0xFF9B,0xFF9B,0xFF9A,0xFFBB,0xFF9A,0xFF9A,0xFF9A,0xFF9B,0xFF9A,0xFF9A,0xFF9A,0xFF9A,0xFF9A,0xFF9A,0xF739,0xDE97,0xFF5A,0xFF9A,0xFF9A,0xFF9A,0xFF7A,0xFF99,0xF738,0xDED7,0xAD10,0x844F,0xFF99,0xFF7B,0xFF9A,0xFF7A,0xFF7A,0xFF7A,0xFF7A,0xFF7A,0xFF9A,0xFF9A,0xFF9A,0xFF9A,0xFF7A,0xFF9A,0xFF9A,0xFF9A,0xFFBA,0xFF9A,0xFF9A,0xFF9A,0xFF9A,0xFF79,0xFF9A,0xFF9A,0xFF79,0xFF7A,0xFF7A,0xFF7A,0xFF59,0xCA45,0xF983,0x6880,0xF1A4,0xEA05,0xF9C6,0xF942,0xF983,0xF943,0xF124,0xF965,0xF963,0xF985,0xF9A4,0xE163,0xFF39,
0xFFBB,0xFFBB,0xFFBB,0xFFBB,0xFFBB,0xFF9B,0xFF9B,0xFF9B,0xFF9B,0xFF7A,0xFF7A,0xFF9A,0xFF7A,0xFF9A,0xFF7A,0xFF7A,0xFF9A,0xFF9B,0xFF9A,0xFFBB,0xFF9B,0xFF9B,0xFF7A,0xFF9A,0xFF9A,0xFF9A,0xFF9A,0xFFBB,0xFF9B,0xFFBB,0xFF9A,0xFF9A,0xFF9A,0xFF9B,0xFF9A,0xFF9A,0xFF9B,0xFFBB,0xFF9A,0xFF9A,0xFFBB,0xFF9A,0xFF9A,0xFFBB,0xFF9A,0xFF9A,0xFF9B,0xFFBB,0xFF9A,0xFF9A,0xFFBB,0xFFBB,0xFF9B,0xFFBB,0xFF9B,0xFFBB,0xFF9B,0xFF9A,0xFF9A,0xFF9A,0xFF9A,0xFF9B,0xFFBB,0xFF9A,0xFF9A,0xFF79,0xFF9B,0xFFBB,0xFF9A,0xFF9A,0xFF99,0x740E,0x83CC,0xDE75,0xFF9A,0xFF9A,0xFF9A,0xFF7A,0xFF79,0xFF9A,0xBDB4,0x7C8F,0xFF9A,0xFF7A,0xFF9A,0xFF9A,0xFF9A,0xFF9A,0xFF7A,0xFF9A,0xFF9A,0xFF9A,0xFF9B,0xFF9A,0xFF9A,0xFF7A,0xFF9A,0xFF79,0xFF9A,0xFF7A,0xFF7A,0xFF9A,0xFF7A,0xFF9A,0xFF9A,0xFF79,0xFF79,0xFF79,0xFF7A,0xFF7A,0xFF9A,0xFF7A,0xCA05,0xF943,0xF964,0xF924,0xC124,0xF9C4,0xF942,0xF963,0xE903,0x98E3,0x3060,0x7080,0xF982,0xF984,0xD943,0xFF5A,
0xFFBB,0xFF9B,0xFF9B,0xFF9A,0xFFBB,0xFFBB,0xFF9B,0xFF9A,0xFF9B,0xFF7A,0xFF9A,0xFF9A,0xFF7A,0xFF9A,0xFF7A,0xFF9B,0xFF9A,0xFFBB,0xFF9A,0xFF9A,0xFF9A,0xFFBB,0xFF9B,0xFF9A,0xFF99,0xFF9B,0xFFBB,0xFF9B,0xFF9B,0xFF9B,0xFFBB,0xFF9A,0xFF9A,0xFF9A,0xFF9A,0xFF9A,0xFF9A,0xFF9A,0xFF9A,0xFF9A,0xFF9A,0xFF9A,0xFFBA,0xFF79,0xFF7A,0xFF9A,0xFF9A,0xFF9A,0xFF9A,0xFFBB,0xFFBB,0xFFBB,0xFF9A,0xFFBB,0xFF9B,0xFF9A,0xFFBB,0xFFBB,0xFF9A,0xFF9B,0xFFBB,0xFF9A,0xFF9B,0xFF9A,0xFF9A,0xFF9B,0xFF9B,0xFFBB,0xFF9A,0xFF9A,0xFF9B,0xFF7B,0xFF9B,0xFF7A,0xFF5A,0x9CD0,0x83CD,0xD656,0xFF9A,0xFF9A,0xFF9A,0xFF9B,0xFF9A,0xFF9A,0xFF7A,0x9CB0,0x83AA,0x636B,0xFF99,0xFF9A,0xFFBA,0xFF9A,0xFF9A,0xFF9B,0xFF9A,0xFF9A,0xFF9A,0xFF9A,0xFF9A,0xFF7A,0xFF9A,0xFF9A,0xFF9A,0xFF9A,0xFF9A,0xFF9A,0xFF7A,0xFF7A,0xFF9A,0xFF59,0xFF79,0xFF59,0xC245,0xF963,0xF164,0x5880,0x88E4,0xF1C2,0xF9A4,0xF942,0xF925,0xF903,0x7060,0xF963,0xF9A3,0xF963,0xE1C4,0xFF5A,
0xFFBB,0xFF9A,0xFF9B,0xFF9A,0xFF9A,0xFF7A,0xFF9B,0xFF9B,0xFF9A,0xFF7A,0xFF9A,0xFF9B,0xFF7A,0xFF9A,0xFF9A,0xFF9B,0xFF9A,0xFF9B,0xFFBB,0xFFBB,0xFF9B,0xFFBB,0xFF9B,0xFF9A,0xFF79,0xFF9A,0xFFBB,0xFFBB,0xFFBB,0xFF9B,0xFF9B,0xFF9A,0xFFBB,0xFFBB,0xFF9A,0xFF9A,0xFFBA,0xFFBA,0xFF9A,0xFFBA,0xFFBA,0xFF9A,0xFF9A,0xFF99,0xFF9A,0xFF9B,0xFFBB,0xFF9B,0xFF9B,0xFF9B,0xFFBB,0xFF9B,0xFFBB,0xFF9B,0xFFBB,0xFF9A,0xFF9A,0xFF9B,0xFF9A,0xFF9A,0xFF9A,0xFF9B,0xFF9B,0xFF9A,0xFF9A,0xFF9B,0xFF9B,0xFFBB,0xFFBB,0xFFBB,0xFF9A,0xFFBA,0xFF9A,0xFF9A,0xFF9B,0x9D11,0x7BCD,0xA46E,0xFF7A,0xFF9A,0xFFBA,0xFF7A,0xFF9A,0xFF7A,0xFF7A,0x6BAC,0x8C0C,0x73AC,0xFF38,0xFF9A,0xFF9A,0xFF9A,0xFF9B,0xFFBB,0xFF9A,0xFF9A,0xFF7A,0xFF7A,0xFF9A,0xFF9A,0xFF7A,0xFF9A,0xFF9A,0xFF9A,0xFF9A,0xFF7A,0xFF9A,0xFF9A,0xFF79,0xFF79,0xFF9A,0xFF79,0xCA27,0xF164,0xD188,0xD0E4,0x6041,0xFA24,0xF963,0xF963,0xF924,0xF101,0xE923,0xF984,0xF963,0xF983,0xE1C4,0xFF5A,
0xFF9A,0xFF9A,0xFF9B,0xFF7A,0xFF9A,0xFF9A,0xFF7A,0xFF9A,0xFF79,0xFF9A,0xFF79,0xFF9A,0xFF9A,0xFFBA,0xFF9A,0xFF9A,0xFF9A,0xFF9A,0xFF9A,0xFF9A,0xFFBA,0xFFBA,0xFFBA,0xFF9B,0xFF7A,0xFF9A,0xFFBA,0xFFBA,0xFFBA,0xFFBA,0xFFBA,0xFF9A,0xFFBA,0xFF9A,0xFF9A,0xFF9A,0xFF9A,0xFFBA,0xFFBA,0xFFBA,0xFFBB,0xFFBB,0xFF9B,0xFFBB,0xFFBB,0xFFBB,0xFFBB,0xFFBB,0xFF9A,0xFFBB,0xFF9A,0xFFBA,0xFF9A,0xFF9B,0xFF9A,0xFF9B,0xFF9A,0xFFBB,0xFF9A,0xFF9A,0xFF9B,0xFFBB,0xFFBB,0xFF9B,0xFF9A,0xFF9B,0xFF9A,0xFF9B,0xFF9A,0xFF9A,0xFFBB,0xFFBB,0xFF9B,0xFF9A,0xFF9A,0xFF9A,0xFF9B,0xFF7B,0xFF7A,0xFF9A,0xFF9A,0xFF9A,0xFF9A,0xFF9A,0xFF9A,0xEEF8,0xFF9A,0xFF9A,0xFF7A,0xFF9A,0xFF9A,0xFF9A,0xFF9A,0xFF9A,0xFF9A,0xFF9A,0xFF9A,0xFF9A,0xFF9A,0xFF9A,0xFF9A,0xFF7A,0xFF9A,0xFF9A,0xFF9A,0xFF9A,0xFF9A,0xFF9A,0xFF79,0xFF9A,0xFF9A,0xFF79,0xCA05,0xF984,0x79A7,0x7861,0x4040,0xE1A3,0xF962,0xF983,0xF982,0xF1A3,0x70C2,0xF963,0xF923,0xF923,0xF245,0xFF7A,
0xFFBA,0xFF9A,0xFF9A,0xFF9A,0xFF9A,0xFF9A,0xFF79,0xFF79,0xFFBA,0xFF9A,0xFF9A,0xFF9A,0xFF9A,0xFFBA,0xFF9A,0xFF9A,0xFF9A,0xFF9A,0xFF9A,0xFFBA,0xFFBA,0xFFBA,0xFFBA,0xFFBA,0xFF9A,0xFFBA,0xFF9A,0xFFBA,0xFF9A,0xFFBA,0xFF9A,0xFF9A,0xFFBA,0xFFBA,0xFFBA,0xFFBA,0xFFBA,0xFFBA,0xFFBB,0xFFBA,0xFFBA,0xFF9B,0xFF9B,0xFFBB,0xFFBB,0xFFBA,0xFFBB,0xFFBA,0xFFBB,0xFFBB,0xFF9B,0xFFBB,0xFF9A,0xFFBB,0xFFBB,0xFFBB,0xFF9B,0xFFBB,0xFFBB,0xFF9B,0xFF9A,0xFFBB,0xFFBA,0xFF9A,0xFF9A,0xFF9A,0xFF9A,0xFFBB,0xFF9A,0xFFBB,0xFF9B,0xFFBB,0xFF9B,0xFFBB,0xFF9A,0xFF7B,0xFF9B,0xFF9A,0xFF7A,0xFF79,0xFF9A,0xFF99,0xFF9A,0xFF79,0xFF79,0xFF9B,0xFF9A,0xFF9A,0xFF79,0xFF9A,0xFF9A,0xFF9A,0xFF9A,0xFF9B,0xFF9A,0xFF7A,0xFF7A,0xFF9A,0xFF9A,0xFF9A,0xFF9A,0xFF9A,0xFF9A,0xFF9A,0xFF9A,0xFF9A,0xFF79,0xFF79,0xFF99,0xFF79,0xFF7A,0xFF7A,0xD266,0xF963,0x5061,0xF8E3,0x48E2,0xF924,0xF942,0xF9A3,0xD0E4,0x8860,0x5020,0x9041,0x9041,0xE9E5,0xE9A4,0xFF5A,
0xFF9A,0xFF7A,0xFF9A,0xFF9A,0xFF9A,0xFF9A,0xFF79,0xFF9A,0xFF9A,0xFF9A,0xFF9A,0xFFBA,0xFFBA,0xFFBA,0xFF9A,0xFF9A,0xFF9A,0xFF9A,0xFFBA,0xFFBA,0xFFBA,0xFFBA,0xFFBA,0xFFBA,0xFFBA,0xFFBA,0xFF9A,0xFF9A,0xFF9A,0xFFBA,0xFF9A,0xFFBA,0xFFBA,0xFFBA,0xFFBA,0xFFBA,0xFFBA,0xFFBA,0xFFBA,0xFF9A,0xFF9A,0xFF9A,0xFF9A,0xFFBA,0xFFBA,0xFFBA,0xFFBA,0xFFBA,0xFF9A,0xFF9B,0xFFBB,0xFFBB,0xFF9B,0xFF9B,0xFF9A,0xFF9A,0xFF9A,0xFF9A,0xFFBB,0xFFBB,0xFF9A,0xFF9A,0xFFBA,0xFF9A,0xFF9A,0xFF9A,0xFF9A,0xFFBB,0xFF9A,0xFF9B,0xFF9B,0xFF9B,0xFF9B,0xFF9A,0xFF9A,0xFF9A,0xFF9B,0xFF9A,0xEED8,0xEEF9,0xFF9B,0xFF7A,0xFF79,0xFF9A,0xFF7A,0xFF7A,0xFF9A,0xFF9A,0xFF7A,0xFF9A,0xFF7A,0xFF9A,0xFF9A,0xFF9A,0xFF9A,0xFF79,0xFF7A,0xFF9A,0xFF9A,0xFF7A,0xFF9A,0xFFBB,0xFF9A,0xFF9A,0xFF9A,0xFF7A,0xFF59,0xFF79,0xFF79,0xFF7A,0xFF59,0xFF7A,0xE267,0xF1A3,0xF123,0xF120,0xE145,0xE1C7,0xF144,0xF921,0xE9A5,0x8000,0xF922,0x98C2,0xE963,0xF9A3,0xF1C5,0xFF7A,
0xFFBA,0xFF9A,0xFF9A,0xFF7A,0xFF9A,0xFF9A,0xFF9A,0xFF99,0xFF9A,0xFF9A,0xFF9A,0xFF9A,0xFF9A,0xFF9A,0xFF9A,0xFF9A,0xFFBA,0xFF9B,0xFF9A,0xFF9A,0xFFBA,0xFFBA,0xFFBA,0xFFBA,0xFFBA,0xFFBA,0xFFBA,0xFF9A,0xFFBA,0xFF9A,0xFFBA,0xFFBA,0xFFBA,0xFFBA,0xFFBA,0xFFBA,0xFFBA,0xFF9A,0xFF9A,0xFFBA,0xFF9A,0xFF9A,0xFFBA,0xFFBA,0xFFBA,0xFF9A,0xFFBA,0xFFBA,0xFFBB,0xFFBB,0xFFBB,0xFFBB,0xFF9B,0xFF9B,0xFFBB,0xFF38,0xFF9A,0xFF9A,0xFFBB,0xFF9B,0xFF9B,0xFF9A,0xFF9A,0xFF9A,0xFF9A,0xFF9A,0xFF9A,0xFF9A,0xFFBB,0xFFBB,0xFFBB,0xFFBB,0xFFBB,0xFF9A,0xFF7A,0xFF9A,0xFF9A,0xFFBA,0x8B49,0xC5D2,0x4A24,0xFF7B,0xFF7A,0xFF9A,0xFF9A,0xFF79,0xFF79,0xFF9A,0xFF79,0xFF7A,0xFF79,0xFF59,0xFF7A,0xFF7A,0xFF7A,0xFF9A,0xFF7A,0xFF7A,0xFF79,0xFF7A,0xFF9A,0xFF9A,0xFF9A,0xFF9A,0xFF7A,0xFF7A,0xFF9A,0xFF9A,0xFF9A,0xFF9A,0xFF9A,0xFF79,0xEA26,0xF983,0xF983,0x88E3,0x3043,0xF9E6,0xFA25,0xF922,0xF942,0xF182,0xF942,0xF922,0xF164,0xF9A5,0xF9C4,0xFF7A,
0xFF9A,0xFFBA,0xFF9A,0xFF9A,0xFF9A,0xFF9A,0xFF9A,0xFF9A,0xFF7A,0xFF7A,0xFF9A,0xFF9A,0xFF9A,0xFF9A,0xFFBA,0xFF9A,0xFF9A,0xFF9B,0xFF9A,0xFF9A,0xFFB9,0xFF9A,0xFF9A,0xFF9A,0xFFBB,0xFFBA,0xFF9A,0xFF9A,0xFFBA,0xFF9A,0xFF9A,0xFFBA,0xFFBA,0xFFBA,0xFFBA,0xFFBB,0xFFBA,0xFF9A,0xFF9A,0xFFBA,0xFFBA,0xFFBA,0xFFBA,0xFF9A,0xFF9A,0xFFBA,0xFFBA,0xFFBB,0xFF9A,0xFF9B,0xFFBB,0xFFBA,0xFFBA,0xFF9A,0xFF9B,0xFF9B,0xFF9B,0xFF9A,0xFF7A,0xFF9A,0xFF9B,0xFF9A,0xFF9A,0xFF9A,0xFF9A,0xFF9A,0xFF9A,0xFF9A,0xFFBB,0xFF9B,0xFF9B,0xFF9B,0xFF9B,0xFF9A,0xFF9A,0xFF9A,0xFFBB,0xFF9B,0xFF99,0xFF79,0xFF5A,0xFF79,0xFF7A,0xFF9A,0xFF7A,0xFF9A,0xFF7A,0xFF9A,0xFF9A,0xFF9A,0xFF9A,0xFF79,0xFF7A,0xFF7A,0xFF79,0xFF7A,0xFF7A,0xFF9A,0xFF9A,0xFF9A,0xFF9A,0xFF9A,0xFF99,0xFF9A,0xFF7A,0xFF9A,0xFF7A,0xFF9A,0xFF9A,0xFF7A,0xFF79,0xFF79,0xF227,0xF9A3,0xF1A4,0x6103,0xE9A4,0xF9A3,0xF983,0xF9C4,0xF903,0xC906,0xB0C4,0xE103,0xF162,0xFA05,0xF9E6,0xFF5A,
0xFFBB,0xFF9A,0xFF99,0xFF99,0xFF9A,0xFF9A,0xFF7A,0xFF7A,0xFF9A,0xFF79,0xFF79,0xFF9A,0xFF7A,0xFF9A,0xFF9A,0xFFBA,0xFF9A,0xFF9A,0xFF9A,0xFFBA,0xFFBA,0xFF9A,0xFF9A,0xFF9A,0xFF9A,0xFFBA,0xFFBA,0xFFBA,0xFFBA,0xFF9A,0xFFBA,0xFFBA,0xFFBA,0xFFBA,0xFFBA,0xFFBA,0xFF9A,0xFFBA,0xFFBA,0xFF9A,0xFFBA,0xFFBA,0xFFBA,0xFF9A,0xFF9B,0xFFBB,0xFF9B,0xFF9B,0xFFBB,0xFFBB,0xFFBA,0xFFBA,0xFF9A,0xFF9A,0xFF9A,0xFF9B,0xFF9A,0xFF9A,0xFF7A,0xFFBB,0xFF9A,0xFFBB,0xFFBB,0xFF9A,0xFF9A,0xFF9A,0xFF9A,0xFF9A,0xFFBB,0xFF9A,0xFF9A,0xE695,0xFF7B,0xFF9B,0xFF9A,0xFFBA,0xFF9A,0xFFBA,0xFF7A,0xFF7A,0xFF9A,0xFF7A,0xFF7A,0xFF79,0xFF7A,0xFF9A,0xFF7A,0xFF9A,0xFF9A,0xFF9A,0xFF9A,0xFF9A,0xFF79,0xFF9A,0xFF79,0xFF79,0xFF7A,0xFF99,0xFF9A,0xFF79,0xFF7A,0xFF7A,0xFF7A,0xFF9A,0xFF9A,0xFF7A,0xFF9A,0xFF9A,0xFF7A,0xFF79,0xFF9A,0xFF79,0xF206,0xF941,0xA165,0xF184,0xF964,0xF943,0xF923,0xF984,0xF943,0x4820,0x9883,0xF144,0xF943,0xF984,0xF1C4,0xFF79,
0xFFBA,0xFF9A,0xFF99,0xFF99,0xFF9A,0xFF9A,0xFF9A,0xFF9A,0xFF7A,0xFF7A,0xFF7A,0xFF9A,0xFF9A,0xFF9A,0xFFBA,0xFF9A,0xFFBA,0xFF9A,0xFFBA,0xFFBB,0xFF9A,0xFFBA,0xFF9A,0xFF9A,0xFF9A,0xFF9A,0xFF9A,0xFFBA,0xFFBA,0xFF9A,0xFFBA,0xFFBA,0xFFBA,0xFF9A,0xFF9A,0xFF9A,0xFF9A,0xFF9A,0xFF9A,0xFF9A,0xFFBB,0xFFBA,0xFFBB,0xFFBA,0xFF9B,0xFF9B,0xFF9B,0xFFBB,0xFF9B,0xFFBB,0xFF9B,0xFFBA,0xFF9A,0xFFBA,0xFF9A,0xFFBB,0xFF9A,0xFF9A,0xFF9A,0xFF9A,0xFF9B,0xFF9A,0xFF9A,0xFF9A,0xFF9A,0xFF9A,0xFF9B,0xFF9A,0xFFBB,0xFFBA,0xACD0,0x94B1,0x8C2E,0xFFBA,0xFF99,0xFF79,0xFF7A,0xFF7A,0xFF9A,0xFF7A,0xFF7A,0xFF7A,0xFF7A,0xFF79,0xFF9A,0xFF9A,0xFF7A,0xFF9A,0xFF9A,0xFF79,0xFF9A,0xFF9A,0xFF9A,0xFF9A,0xFF9A,0xFF7A,0xFF79,0xFF79,0xFF99,0xFF7A,0xFF7A,0xFF7A,0xFF9A,0xFF59,0xFF7A,0xFF7A,0xFF9A,0xFF7A,0xFF7A,0xFF79,0xFF79,0xFF79,0xF226,0xF1A2,0x1860,0x7820,0xF103,0xF964,0xF143,0xF985,0xC923,0xA104,0x98C2,0x7061,0x6081,0xB8C3,0xFA45,0xFF79,
0xFF9A,0xFF9A,0xFF99,0xFF99,0xFF9A,0xFF9A,0xFF99,0xFF9A,0xFF9A,0xFF9A,0xFF9A,0xFF9A,0xFF9A,0xFF7A,0xFF9A,0xFF7A,0xFF9A,0xFF79,0xFF9A,0xFFBA,0xFF9A,0xFF9A,0xFFBA,0xFF9A,0xFF9A,0xFFBA,0xFFBA,0xFFBA,0xFF9A,0xFFBA,0xFFBA,0xFF9A,0xFF9A,0xFFBB,0xFF9A,0xFFBA,0xFF9A,0xFF9A,0xFF9A,0xFF9A,0xFF9A,0xFFBA,0xFFBA,0xFFBA,0xFFBB,0xFFBB,0xFFBA,0xFF9A,0xFF9B,0xFFBB,0xFFBB,0xFFBA,0xFFBB,0xFFBB,0xFFBB,0xFF9A,0xFF9A,0xFF9A,0xFF79,0xFF9A,0xFF9B,0xFF9A,0xFFBB,0xFF9A,0xFF9A,0xFF7A,0xFF9A,0xFFBB,0xFF9A,0xFF9A,0xFF9A,0xFF9A,0xFF9A,0xFF9A,0xFF7B,0x8513,0xA44F,0xF71A,0xFF9A,0xFF9A,0xFF7A,0xFF79,0xFF7A,0xFF79,0xFF9B,0xFFBB,0xFF79,0xFF79,0xFF7A,0xFF7A,0xFF9A,0xFF79,0xFF9A,0xFFBA,0xFF79,0xFF79,0xFF79,0xFF79,0xFF99,0xFF79,0xFF9A,0xFF7A,0xFF79,0xFF7A,0xFF59,0xFF39,0xFF79,0xFF79,0xFF79,0xFFBA,0xFF9A,0xFF9A,0xF247,0xF9E3,0xF983,0xD923,0xF985,0xF9A3,0xF943,0xF943,0xF961,0x3000,0x5840,0xE925,0xF142,0xF9C4,0xF9A3,0xFF7A,
0xFF9A,0xFFBB,0xFFBA,0xFF9A,0xFFBA,0xFFBA,0xFF99,0xFF99,0xFF9A,0xFF9A,0xFFBA,0xFFBA,0xFF9A,0xFF9A,0xFF9A,0xFF9A,0xFF9A,0xFF99,0xFF99,0xFF9A,0xFF9A,0xFFBA,0xFFBA,0xFFBA,0xFFBA,0xFFBA,0xFFBA,0xFFBA,0xFF9A,0xFF9A,0xFFBA,0xFFBB,0xFFBA,0xFFBA,0xFFBA,0xFFBA,0xFF9A,0xFF9A,0xFF9A,0xFFBB,0xFFBB,0xFFBA,0xFFBA,0xFF9A,0xFFBA,0xFFBA,0xFFBA,0xFF9A,0xFF9B,0xFF9B,0xFFBB,0xFFBA,0xFF9B,0xFFBB,0xFF9B,0xFFBA,0xFF9A,0xFFBA,0xFF9A,0xFF9B,0xFF9A,0xFF9B,0xFF9A,0xFF9A,0xFF7A,0xFF9A,0xFFBB,0xFF9A,0xFF9A,0xFF9A,0xFF9A,0xFF9B,0xFF9B,0xFF9A,0xFF9B,0xFF7A,0xDE55,0xFF9A,0xFF9A,0xFF9A,0xFF9A,0xFF7A,0xFF59,0xFF79,0xFF79,0xFF79,0xFF9A,0xFF79,0xFF59,0xFF7A,0xFF7A,0xFF7A,0xFF9A,0xFF9A,0xFF9A,0xFF79,0xFF99,0xFF9A,0xFF99,0xFF7A,0xFF7A,0xFF79,0xFF79,0xFF79,0xFF79,0xFF79,0xFF79,0xFF7A,0xFF9A,0xFF9A,0xFF9A,0xFF79,0xF226,0xF9C3,0xF902,0xF923,0xE943,0xF984,0xF962,0xF942,0xB965,0xF962,0x6081,0xF9A4,0xF983,0xF9A4,0xFA04,0xFF7A,
0xFFBA,0xFF9A,0xFF99,0xFF9A,0xFF9A,0xFF99,0xFF9A,0xFF9A,0xFF9A,0xFF9A,0xFF9A,0xFF9A,0xFF9A,0xFF9A,0xFF9A,0xFFBA,0xFF9A,0xFF99,0xFFBA,0xFF9A,0xFF9A,0xFF9A,0xFFBA,0xFFBA,0xFF9A,0xFFBA,0xFFBA,0xFF9A,0xFFBA,0xFF9A,0xFF9A,0xFF9A,0xFFBA,0xFFBA,0xFFBA,0xFFBA,0xFF9A,0xFFBA,0xFFBA,0xFFBA,0xFFBA,0xFF9A,0xFFBA,0xFFBA,0xFFBB,0xFFBB,0xFF9A,0xFF9A,0xFF9A,0xFFBA,0xFF9A,0xFFBA,0xFF9A,0xFF9A,0xFFBA,0xFFBA,0xFFBA,0xFF9A,0xFF9B,0xFF9A,0xFF9A,0xFF9A,0xFF99,0xFF9A,0xFF7A,0xFF9A,0xFFBB,0xFF9B,0xFF9A,0xFF9A,0xFF9A,0xFF9A,0xFF9B,0xFF9A,0xFF79,0xFF9A,0xFF9A,0xFF79,0xFF79,0xFF7A,0xFF7A,0xFF79,0xFF79,0xFF7A,0xFF59,0xFF79,0xFF79,0xFF79,0xFF9A,0xFF9A,0xFF9A,0xFF7A,0xFF9A,0xFF79,0xFF79,0xFF78,0xFF79,0xFF59,0xFF9A,0xFF9A,0xFF99,0xFF7A,0xFF59,0xFF99,0xFF9A,0xFF7A,0xFF79,0xFF7A,0xFF7A,0xFF79,0xFF7A,0xFF79,0xE225,0xF9E3,0x70E0,0xC124,0xB9A4,0xF943,0xF983,0xF922,0xF983,0xF983,0xF963,0xF9A4,0xF983,0xF963,0xFA06,0xFF7A,
0xFF9A,0xFFB9,0xFF99,0xFF99,0xFF99,0xFF99,0xFF9A,0xFF9A,0xFF9A,0xFF9A,0xFF9A,0xFF9A,0xFF7A,0xFF79,0xFFBA,0xFF9A,0xFF9A,0xFF7A,0xFF9A,0xFF9A,0xFF9A,0xFF9A,0xFF9A,0xFF9A,0xFF9A,0xFF9A,0xFF9A,0xFFBA,0xFF9A,0xFF9A,0xFF9A,0xFFBB,0xFFBA,0xFFBB,0xFFBA,0xFFBA,0xFFBA,0xFF9A,0xFF9A,0xFFBA,0xFFBA,0xFF9A,0xFFBA,0xFF9A,0xFF9A,0xFFBA,0xFFBA,0xFFBA,0xFF9A,0xFFBA,0xFFBA,0xFFBA,0xFF9A,0xFFBA,0xFFBA,0xFF9A,0xFF9A,0xFF9A,0xFF7A,0xFF9A,0xFF9A,0xFF9A,0xFF9A,0xFF9A,0xFF9A,0xFF9B,0xFF9B,0xFF9B,0xFF9B,0xFF9B,0xFF9A,0xFF9A,0xFF9A,0xFF9A,0xFF9A,0xFF7A,0xF719,0xA48F,0xBDB3,0xA511,0x83EC,0xE696,0xFF79,0xFF79,0xFF79,0xFF79,0xFF79,0xFF7A,0xFF7A,0xFF79,0xFF9A,0xFF7A,0xFF9A,0xFF9A,0xFF79,0xFF79,0xFF79,0xFF79,0xFF99,0xFF99,0xFF99,0xFF7A,0xFF59,0xFF9A,0xFF79,0xFF79,0xFF7A,0xFF59,0xFF59,0xFF79,0xFF79,0xFF79,0xE2A6,0xF9E3,0xB8A3,0xB1C7,0x5060,0xC9A6,0xF983,0xF943,0xF983,0xF983,0xF983,0xF9C4,0xF983,0xF983,0xFA06,0xFF7A,
0xFF99,0xFF99,0xFF9A,0xFF9A,0xFF99,0xFF99,0xFF9A,0xFFBA,0xFF9A,0xFF9A,0xFF9A,0xFF9A,0xFF79,0xFF7A,0xFF9A,0xFF7A,0xFF79,0xFF9A,0xFF79,0xFF59,0xFF9A,0xFFBB,0xFF7A,0xFFBA,0xFF99,0xFF9A,0xFF9A,0xFF9A,0xFF9A,0xFF9A,0xFFBA,0xFFBA,0xFFBA,0xFF59,0xFFBA,0xFF9A,0xFFBA,0xFF9A,0xFFBA,0xFF7A,0xFF9A,0xFFB9,0xFF9A,0xFF9A,0xFF9A,0xFFBA,0xFFBA,0xFF9A,0xFF9A,0xFFBA,0xFFBA,0xFFBA,0xFFBA,0xFF9A,0xFFBA,0xFF9A,0xFF9A,0xFFBA,0xFF9B,0xFF9A,0xFF9A,0xFF9A,0xFF9A,0xFF9A,0xFF79,0xFF79,0xFF9A,0xFF9A,0xFF9A,0xFF9A,0xFFBA,0xFF9A,0xFF9A,0xFF9A,0xFF99,0xFF99,0xFFBA,0xFF79,0x6B07,0xFF7A,0xFF98,0xFF99,0xFF7A,0xFF59,0xFF7A,0xFF7A,0xFF7A,0xFF79,0xFF79,0xFF9A,0xFF9A,0xFF79,0xFF79,0xFF99,0xFF59,0xFF79,0xFF79,0xFF99,0xFF99,0xFF79,0xFF99,0xFF79,0xFF9A,0xFF79,0xFF59,0xFF79,0xFF79,0xFF79,0xFF79,0xFF79,0xFF59,0xFF79,0xCA05,0xF982,0x4880,0x6102,0x5021,0xF925,0xFA05,0xF983,0xF983,0xF943,0xF963,0xF942,0xF963,0xF963,0xE9E5,0xFF39,
0xFFBA,0xFFBA,0xFF9A,0xFF9A,0xFFB9,0xFFB9,0xFF9A,0xFF9A,0xFFBA,0xFFBA,0xFFBA,0xFF9A,0xFF7A,0xFF9A,0xFF9A,0xFF79,0xFF79,0xA531,0x0208,0x028A,0x0209,0x6C6F,0xB591,0xFF9B,0xFF99,0xFF9A,0xFF9A,0xFF9A,0xFFBA,0xFFBA,0xFFBA,0xFFBA,0xFFBA,0xFFBA,0xFFBA,0xFFBA,0xFF9A,0xFFBA,0xFFBA,0xFF9A,0xFF99,0xFFB9,0xFF9A,0xFFBA,0xFF9A,0xFF9A,0xFFBA,0xFFBA,0xFF9A,0xFF9A,0xFFBA,0xFFBA,0xFFBA,0xFFBA,0xFF9A,0xFFBA,0xFF9A,0xFF9A,0xFF7B,0xFF9A,0xFF9A,0xFF9A,0xFF9A,0xFF9A,0xFF9A,0xFF9A,0xFF9A,0xFF9A,0xFF9A,0xFF9A,0xFF9A,0xFF9A,0xFF9A,0xFF9A,0xFF79,0xFF79,0xFF9A,0xFF9A,0xFF9A,0xFF99,0xFF9A,0xFF9A,0xFF79,0xFF7A,0xFF79,0xFF79,0xFF9A,0xFF9A,0xFF7A,0xFF7A,0xFF79,0xFF79,0xFF79,0xFF99,0xFF79,0xFF79,0xFF58,0xFF79,0xFF99,0xFF79,0xFF99,0xFF79,0xFF79,0xFF99,0xFF58,0xFF79,0xFF79,0xFF79,0xFF59,0xFF59,0xFF59,0xFF79,0xCA46,0xF9C2,0xD184,0xF962,0x7081,0xF902,0xF9A4,0xF963,0xF9A4,0xF9E5,0xF963,0xF942,0xF942,0xF983,0xF1E5,0xFF59,
0xFF9A,0xFF99,0xFF99,0xFFB9,0xFF9A,0xFF9A,0xFFBA,0xFFBA,0xFF9A,0xFF9A,0xFFBA,0xFF9A,0xFF9A,0xFFBA,0xFF9B,0x73CC,0x31A2,0x0228,0x0124,0x0144,0x0268,0x02A9,0x0207,0x0249,0xF739,0xFF7A,0xFF7A,0xFF9A,0xFF7A,0xFF9A,0xFFBA,0xFFBA,0xFFBA,0xFF99,0xFF9A,0xFF79,0xFF9A,0xFF9A,0xFF9A,0xFFBA,0xFF9A,0xFFBA,0xFF7A,0xFF9A,0xFF9A,0xFF9A,0xFF9A,0xFFBA,0xFFBA,0xFFBA,0xFFBA,0xFFBA,0xFF9A,0xFF9A,0xFF9A,0xFF9A,0xFF9A,0xFF9B,0xFF9A,0xFF9A,0xFF9B,0xFF9A,0xFF9A,0xFF9A,0xFF9A,0xFF79,0xFF9A,0xFF9A,0xFF99,0xFF9A,0xFF7A,0xFF79,0xFF79,0xFF79,0xFF79,0xFF9A,0xFF9A,0xFF9A,0xFF7A,0xFF7A,0xFF7A,0xFF7A,0xFF59,0xFF59,0xFF79,0xFF59,0xFF59,0xFF79,0xFF59,0xFF59,0xFF59,0xFF79,0xFF79,0xFF59,0xFF59,0xFF57,0xFF58,0xFF58,0xFF99,0xFF99,0xFF9A,0xFF38,0xFF79,0xFF7A,0xFF79,0xFF79,0xFF9A,0xFF59,0xFF7A,0xFF59,0xFF59,0xFF79,0xD2C6,0xF942,0xF982,0xD185,0xF185,0xF962,0xFA26,0xF984,0xF9C4,0xF963,0xF943,0xF983,0xF943,0xF963,0xE9C4,0xFF59,
0xFF99,0xFF9A,0xFF99,0xFF99,0xFF9A,0xFF9A,0xFF9A,0xFF9A,0xFF9A,0xFF9A,0xFF9A,0xFF9A,0xFF9A,0xFF9A,0x0145,0x0166,0x432B,0x8CB1,0x54B1,0x0269,0x01C6,0x0144,0x4AE7,0xB5B4,0xE6F8,0xFF7A,0xFFBA,0xFFBA,0xFFBA,0xFFBA,0xFFBA,0xFFBA,0xFFBA,0xFFBA,0xFF9A,0xFFBA,0xFF9A,0xFF9A,0xFF9A,0xFFBA,0xFF9A,0xFF9A,0xFF9A,0xFFBB,0xFFBA,0xFFBA,0xFFBA,0xFF9A,0xFFBA,0xFFBA,0xFFBA,0xFFBA,0xFFBA,0xFFBA,0xFF9A,0xFF9A,0xFF9A,0xFF9B,0xFF7A,0xFF9A,0xFF7A,0xFF9B,0xFF9B,0xFF7A,0xFF9A,0xFF9A,0xFF7A,0xFF9A,0xFF9A,0xFF9A,0xFF79,0xFF99,0xFF79,0xFF79,0xFF79,0xFF79,0xFF7A,0xFF9A,0xFF9A,0xFF7A,0xFF7A,0xFF7A,0xFF7A,0xFF79,0xFF79,0xFF59,0xFF79,0xFF79,0xFF7A,0xFF79,0xFF79,0xFF79,0xFF78,0xFF79,0xFF78,0xFF58,0xFF79,0xFF79,0xFF99,0xFF79,0xFF99,0xFF79,0xFF79,0xFF79,0xFF79,0xFF79,0xFF7A,0xFF59,0xFF59,0xFF59,0xFF79,0xFF59,0xCA24,0xF963,0xF9A3,0x60E2,0xF124,0xF962,0xF984,0xF922,0xF9A4,0xF942,0xF942,0xF9A4,0xF9A4,0xF963,0xE9E5,0xFF59,
0xFF79,0xFFBA,0xFF99,0xFF99,0xFF99,0xFF99,0xFF79,0xFF99,0xFF9A,0xFF9A,0xFFBA,0xFFBA,0xFF99,0xFF9B,0xFF9B,0xFF3A,0xB5B3,0x02CA,0x0146,0x0287,0x9D93,0x4246,0xF738,0xFF79,0xFF7A,0xFFBA,0xFFB9,0xFFBA,0xFF99,0xFFBA,0xFF9A,0xFFBA,0xFF9A,0xFFBA,0xFF9A,0xFF9A,0xFFBA,0xFF9A,0xFFBB,0xFF9A,0xFF7A,0xFF9A,0xFF9A,0xFF9A,0xFF9A,0xFF9A,0xFF9A,0xFFBA,0xFFBA,0xFFBA,0xFFBA,0xFF9A,0xFF9A,0xFF9A,0xFF9A,0xFF79,0xFF9A,0xFF9A,0xFF9B,0xFF9A,0xFF9A,0xFF9A,0xFF99,0xFF9B,0xFF7A,0xFF79,0xFF7A,0xFF79,0xFF79,0xFF7A,0xFF9A,0xFF99,0xFF9A,0xFF9A,0xFF9A,0xFF7A,0xFF9A,0xFF9A,0xFF9A,0xFF9A,0xFF7A,0xFF7A,0xFF9A,0xFF79,0xFF59,0xFF79,0xFF79,0xFF59,0xFF79,0xFF79,0xFF7A,0xFF7A,0xFF58,0xFF58,0xFF79,0xFF79,0xFF79,0xFF79,0xFF78,0xFF79,0xFF79,0xFF59,0xFF79,0xFF79,0xFF37,0xE6B7,0xF6F7,0xFF57,0xFF78,0xFF78,0xFF7A,0xFF79,0xD246,0xE922,0xD922,0x9905,0xE207,0xF942,0xF9A4,0xF983,0xF9A4,0xF983,0xF963,0xF9C4,0xF9A4,0xF943,0xE9A4,0xFF38,
0xFF99,0xFF99,0xFF99,0xFF99,0xFF99,0xFF99,0xFF99,0xFF99,0xFF9A,0xFF7A,0xFF9A,0xFF9A,0xFF7A,0xFF9A,0xFF9A,0xEF3A,0x2A07,0x52E9,0xFF7A,0xFF7A,0xFF7A,0x52A7,0x0288,0x01A5,0x0186,0x0185,0x01C7,0x6C0E,0xFFBB,0xFF99,0xFF9A,0xFFBA,0xFF9A,0xFFBA,0xFFBA,0xFF9A,0xFFBA,0xFF99,0xFF9A,0xFF9A,0xFF9A,0xFF79,0xFF9A,0xFF9A,0xFF9A,0xFF9A,0xFF9A,0xFF9A,0xFF9A,0xFFBA,0xFFBA,0xFFBA,0xFF9A,0xFF9A,0xFF79,0xFF7A,0xFF9A,0xFF9A,0xFF9B,0xFF9A,0xFF99,0xFF99,0xFF99,0xFF7A,0xFF9A,0xFF9A,0xFF7A,0xFF9A,0xFF79,0xFF79,0xFF79,0xFF9A,0xFF9A,0xFF9A,0xFF7A,0xFF7A,0xFF9A,0xFF7A,0xFF7A,0xFF79,0xFF7A,0xFF79,0xFF59,0xFF79,0xFF7A,0xFF79,0xFF59,0xFF59,0xFF79,0xFF7A,0xFF9A,0xFF7A,0xFF9A,0xFF99,0xFF99,0xFF79,0xFF79,0xFF78,0xFF79,0xFF79,0xFF7A,0xFF79,0xFF78,0x4A67,0xF6D7,0xFF59,0xFF79,0x9C8E,0xF738,0xFF79,0xFF79,0xFF79,0xCA06,0xF183,0xF944,0xF9A4,0xF9C4,0xF982,0xF9E5,0xF963,0xF9E5,0xF9C4,0xF9C4,0xFA26,0xFA05,0xF9C4,0xF226,0xFF38,
0xFF99,0xFF99,0xFF99,0xFF99,0xFF99,0xFF99,0xFF99,0xFF99,0xFF99,0xFF99,0xFF9A,0xFF9A,0xFF79,0xFF7A,0xFF7A,0xFF9A,0xFF7A,0xFF9A,0xFF9A,0xFF9A,0xFF7A,0x0266,0x0288,0x0267,0xAD33,0x83EB,0xFF7B,0xEF18,0xFF9A,0xFF99,0xFF99,0xFF99,0xFFBA,0xFFBA,0xFFBA,0xFF9A,0xFFBA,0xFFBA,0xFFBA,0xFFBA,0xFFBA,0xFF9A,0xFF9A,0xFF9A,0xFF99,0xFF99,0xFF9A,0xFF9A,0xFF9A,0xFF9A,0xFF9A,0xFF9A,0xFF9A,0xFF9A,0xFF79,0xFF9A,0xFF9A,0xFF7A,0xFF9A,0xFF9A,0xFF99,0xFF9A,0xFF9A,0xFF99,0xFF79,0xFF9A,0xFF99,0xFF9A,0xFF9A,0xFF9A,0xFF9A,0xFF9A,0xFF9A,0xFF9A,0xFF9A,0xFF9A,0xFF9A,0xFF7A,0xFF9A,0xFF9A,0xFF7A,0xFF59,0xFF79,0xFF7A,0xFF7A,0xFF79,0xFF79,0xFF79,0xFF59,0xFF79,0xFF7A,0xFF79,0xFF79,0xFF79,0xFF79,0xFF79,0xFF79,0xFF79,0xFF79,0xFF79,0xFF79,0xFF7A,0xD677,0xE6F8,0xFF38,0xEEB9,0xFF5A,0xFF59,0xFF78,0xAD10,0xC5D5,0xFF79,0xFF5A,0xFF9B,0xFF38,0xFF78,0xFF5A,0x4204,0xFF79,0xFF79,0xFFB9,0xFF98,0xFF9A,0xFF79,0xFF99,0xFF98,0xFF58,0xFF7A,
0xFF99,0xFF99,0xFF99,0xFF99,0xFF99,0xFF99,0xFF79,0xFF99,0xFF99,0xFF99,0xFF79,0xFF7A,0xFF7A,0xFF9A,0xFF7A,0xFF99,0xFF9A,0xFF9A,0xFF9A,0xFF9A,0xFF7A,0xC636,0xC637,0x83AB,0xEEB7,0xBDB3,0xB510,0x736B,0x0288,0x3B4B,0xFFBA,0xFF9A,0xFFBB,0xFFBB,0xFF9A,0xFF9A,0xFF99,0xFFBA,0xFFBA,0xFFB9,0xFF9A,0xFFBA,0xFF9A,0xFF9A,0xFF99,0xFF99,0xFF9A,0xFF9A,0xFF9A,0xFF9A,0xFF9A,0xFF9A,0xFF9A,0xFF7A,0xFF7A,0xFF9A,0xFF9A,0xFF7A,0xFF9A,0xFF9A,0xFF99,0xFF9A,0xFF9A,0xFF79,0xFF9A,0xFF9A,0xFF9A,0xFF9A,0xFF9A,0xFF9A,0xFF9A,0xFF9A,0xFF99,0xFF9A,0xFF9A,0xFF7A,0xFF7A,0xFF7A,0xFF7A,0xFF7A,0xFF7A,0xFF79,0xFF59,0xFF9A,0xFF79,0xFF7A,0xFF79,0xFF7A,0xFF7A,0xFF79,0xFF79,0xFF7A,0xFF7A,0xFF79,0xFF79,0xFF79,0xFF79,0xFF79,0xFF79,0xFF58,0xFF79,0xFF7B,0xE6D8,0xDE77,0xE696,0xE719,0xFF78,0xFF5A,0xFF79,0xFF7A,0xC5D5,0xFF7A,0xFF9A,0xFF9A,0xBD73,0xAD12,0xCDB4,0xFF5A,0x93EE,0x9C8F,0xFF7A,0xFF79,0xFF7A,0xFF9A,0xFF9A,0xFF7A,0xFF9A,0xFF79,
0xFF99,0xFF99,0xFF99,0xFF99,0xFF99,0xFF99,0xFF9A,0xFF7A,0xFF9A,0xFF99,0xFF9A,0xFF99,0xFF79,0xFF99,0xFF9B,0xFF59,0xFF7A,0xFF7A,0xFF9A,0xFF9A,0x848E,0xFF79,0xFF9A,0xFFBA,0xFF79,0xFF99,0xFF79,0xFFBA,0xFF9C,0xE6F9,0xFF9B,0xFF99,0xFF99,0xFF99,0xFF9A,0xFF9A,0xFF9A,0xFF9A,0xFF99,0xFFB9,0xFFBA,0xFF9A,0xFFBA,0xFF99,0xFF99,0xFF99,0xFF9A,0xFF9A,0xFF9A,0xFF9A,0xFF9A,0xFF9A,0xFFBA,0xFF9A,0xFF9A,0xFF9A,0xFF59,0xFF9A,0xFF9A,0xFF9A,0xFF9B,0xFF7A,0xFF9A,0xFF9A,0xFF79,0xFF9A,0xFF9A,0xFF9A,0xFF79,0xFF9A,0xFF9A,0xFF9A,0xFF7A,0xFF9A,0xFF9A,0xFF79,0xFF9A,0xFF79,0xFF7A,0xFF9A,0xFF59,0xFF7A,0xFF79,0xFF7A,0xFF79,0xFF79,0xFF79,0xFF79,0xFF79,0xFF59,0xFF79,0xFF79,0xFF79,0xFF79,0xFF79,0xFF79,0xFF79,0xFF79,0xFF79,0xFF79,0xFF9A,0xFF59,0xFF58,0x6AE6,0xFF99,0xFF79,0xFF58,0xFF78,0xFF79,0xFF79,0xFF7B,0xFF99,0xFF59,0xF77B,0xFF9B,0xFF79,0xFF7A,0xFF79,0xFF79,0xFF9A,0xFF7A,0xFF79,0xFF79,0xFF9A,0xFF9A,0xFF79,0xFF99,0xFF78,
0xFF99,0xFF99,0xFF99,0xFF79,0xFF99,0xFF99,0xFF7A,0xFF9A,0xFF98,0xFF59,0xAD73,0x01A5,0x0144,0x0144,0x53EF,0x3206,0x4BAD,0x740F,0xF77A,0xA4F1,0x8C6D,0xFFBA,0x846E,0x01C7,0x01C5,0x6CCF,0xFF9A,0xFF9A,0xFF9A,0xFF9A,0xFF99,0xFF9A,0xFF99,0xFF99,0xFF99,0xFF99,0xFF9A,0xFF9A,0xFF99,0xFF9A,0xFF9A,0xFF9A,0xFF9A,0xFF99,0xFF99,0xFF9A,0xFF99,0xFF79,0xFF9A,0xFF99,0xFF9A,0xFF9A,0xFF9A,0xFF9A,0xFF9A,0xFF9A,0xFF9A,0xFF9A,0xFF7A,0xFF9A,0xFF79,0xFF9A,0xFF99,0xFF9A,0xFF9A,0xFF9A,0xFF9A,0xFF9A,0xFF9A,0xFF7A,0xFF9A,0xFF9A,0xFF7A,0xFF7A,0xFF9A,0xFF9A,0xFF9A,0xFF7A,0xFF9A,0xFF9A,0xFF9A,0xFF7A,0xFF79,0xFF79,0xFF7A,0xFF79,0xFF79,0xFF79,0xFF79,0xFF79,0xFF79,0xFF79,0xFF79,0xFF79,0xFF79,0xFF79,0xFF79,0xFF99,0xFF79,0xFF79,0xFF79,0xD5F4,0xAD12,0xF6F9,0xD5B4,0xD613,0xEEB8,0xE6B7,0xFF7A,0xFF98,0xFF79,0xFF79,0xFF7A,0xFF59,0xFF7A,0xFF9A,0xFF79,0xFF7A,0xFF9A,0xFF7A,0x7BAC,0xF719,0xDE35,0xFF79,0xFF9A,0xFF79,0xFF79,0xAC4F,
0xFF78,0xB5F3,0x646F,0x4BCB,0x8CF0,0xFF9A,0xF738,0x22C6,0x0226,0x0144,0x0145,0x0309,0x01E7,0x030D,0x02C9,0x0166,0x5B2C,0x9491,0x2208,0xCE57,0xFF79,0x4225,0x034D,0x0208,0x0143,0x01C5,0x01E4,0xFF9A,0xFF9A,0xFF9A,0xFF9A,0xFF99,0xFF99,0xFF99,0xFF99,0xFF99,0xFF7A,0xFF7A,0xFF9A,0xFF7A,0xFF9A,0xFF9A,0xFF9A,0xFF9A,0xFF7A,0xFF9A,0xFF99,0xFF99,0xFF79,0xFF9A,0xFF7A,0xFF9A,0xFF9A,0xFF9A,0xFF9A,0xFF9A,0xFF9A,0xFF79,0xFF9B,0xFF7A,0xFF7A,0xFF99,0xFF79,0xFF79,0xFF9A,0xFF9A,0xFF7A,0xFF7A,0xFF9A,0xFF9A,0xFF9A,0xFF9A,0xFF9A,0xFF79,0xFF79,0xFF79,0xFF79,0xFF79,0xFF79,0xFF79,0xFF9A,0xFF79,0xFF79,0xFF79,0xFF79,0xFF79,0xFF58,0xFF58,0xFF79,0xFF59,0xFF58,0xFF58,0xFF78,0xFF79,0xFF79,0xFF79,0xFF58,0xFF79,0xFF79,0xFF79,0xFF79,0xFF39,0x9C90,0xDE15,0xE6F8,0xBD32,0xFF7A,0xFF97,0xDE56,0xFF7A,0xFF9A,0xFF99,0xFF9A,0xFF79,0xFF79,0xFF7A,0x5245,0x4209,0xDE74,0xEED9,0xFF58,0xC572,0x736A,0xFF58,0xFF58,0xFF58,0xDE15,0xFF77,
0xE6F6,0x2B4B,0x0144,0x0165,0x00E4,0xEEF7,0xFF9A,0x4225,0xB5D3,0xCE35,0xF738,0xC552,0xDE35,0xF739,0xDE97,0x2102,0xEE95,0x2A06,0x73CD,0xD636,0xACAF,0xA4B1,0x8D31,0xDE97,0x94D0,0xFF9A,0xFF7A,0xFF9A,0xFF7A,0xFF79,0xFFBA,0xFF9A,0xFF9A,0xFF99,0xFF79,0xFF99,0xFF7A,0xFF7A,0xFF9A,0xFF79,0xFF9A,0xFF9A,0xFF9A,0xFF7A,0xFF7A,0xFF9A,0xFF99,0xFF78,0xFF79,0xFF9A,0xFF9A,0xFF9A,0xFF9A,0xFF79,0xFF79,0xFF99,0xFF99,0xFF9A,0xFF7A,0xFF9A,0xFF7A,0xFF99,0xFF99,0xFF7A,0xFF79,0xFF79,0xFF79,0xFF9A,0xFF79,0xFF9A,0xFF79,0xFF9A,0xFF9A,0xFF79,0xFF79,0xFF79,0xFF79,0xFF59,0xFF79,0xFF9A,0xFF79,0xFF79,0xFF79,0xFF59,0xFF79,0xFF59,0xFF58,0xFF59,0xFF79,0xFF59,0xFF79,0xFF79,0xFF58,0xFF79,0xFF79,0xFF59,0xFF79,0xFF79,0xFF78,0xFF58,0xFF59,0xFF38,0xD677,0xF778,0x9C2D,0x8BEB,0x5AC7,0x7B2B,0xE614,0xFF79,0xFF7A,0xFF79,0xFF7A,0xFF79,0xFF9A,0xFF7A,0xFF39,0xCE15,0x4286,0xB593,0xFF7A,0xFF99,0xD5D2,0xFF59,0xC572,0xDE54,0xCD72,0xFF79,
0x0206,0x0186,0x0288,0x2A47,0x0186,0x01E9,0x0188,0xD6D6,0xFF7A,0xFF59,0xFF7A,0xFF7A,0xFF7A,0xFF79,0xFF79,0x7452,0x2A48,0xDEF9,0xFF7B,0xFF9C,0xFF59,0x31C7,0x0A47,0x0126,0x0187,0x736A,0x1123,0x0165,0x0185,0x0207,0x7BE8,0xFF79,0xFF9A,0xFF9A,0xFF79,0xFF79,0xFF7A,0xFF9A,0xFF79,0xFF99,0xFF79,0xFF7A,0xFF79,0xFF99,0xFF79,0xFF9A,0xFF9A,0xFF99,0xFF99,0xFF79,0xFF9A,0xFF79,0xFF79,0xFF79,0xFF79,0xFF99,0xFF79,0xFF7A,0xFF79,0xFF79,0xFF7A,0xFF79,0xFF79,0xFF7A,0xFF78,0xFF9A,0xFF79,0xFF78,0xFF79,0xFF79,0xFF79,0xFF79,0xFF99,0xFF78,0xFF79,0xFF78,0xFF59,0xFF59,0xFF79,0xFF79,0xFF79,0xFF79,0xFF5A,0xFF79,0xFF79,0xFF79,0xFF79,0xFF59,0xFF78,0xFF58,0xFF59,0xFF79,0xFF59,0xFF38,0xFF58,0xFF38,0xFF58,0xFF78,0xFF78,0xFF78,0xFF39,0xF738,0xE6F8,0xD656,0xEED7,0xA490,0xFF59,0xFF79,0xD615,0xFF57,0xE697,0x630B,0xFF59,0xFF79,0xFF79,0xFF99,0xFF9A,0xFF7A,0xFF59,0xFF79,0xAD11,0xFF38,0xF737,0xA40D,0xFF59,0xF739,0xFF7A,0xFF79,
0x11A4,0x940C,0x5B4A,0x944E,0xFF7A,0xFF7B,0xFF39,0xFF99,0xFFBA,0xFF79,0xFF99,0xFF5A,0xFF7A,0xFF79,0xA4EC,0x10E3,0x6349,0x94D2,0x0185,0x0144,0xB5B3,0xD656,0x9491,0x0268,0x53CB,0x73EE,0x8C90,0xE6B8,0x21C5,0x0166,0x3ACA,0xFF99,0xFF9A,0xFF79,0xFF9A,0xFF79,0xFF9A,0xFF9A,0xFF79,0xFF99,0xFF7A,0xFF9A,0xFF79,0xFF79,0xFF9A,0xFFBA,0xFF7A,0xFF9A,0xFF79,0xFF58,0xFF79,0xFF99,0xFF99,0xFF9A,0xFF9A,0xFF99,0xFF79,0xFF9A,0xFF79,0xFF5A,0xFF5A,0xFF59,0xFF79,0xFF79,0xFF79,0xFF7A,0xFF79,0xFF79,0xFF79,0xFF79,0xFF79,0xFF79,0xFF59,0xFF58,0xFF59,0xFF38,0xFF59,0xFF79,0xFF79,0xFF59,0xF738,0xFF38,0xFF59,0xFF59,0xFF5A,0xFF59,0xFF59,0xFF59,0xFF59,0xFF58,0xFF59,0xFF59,0xFF59,0xFF58,0xFF59,0xF738,0xFF59,0xFF58,0xFF59,0xFF59,0xFF59,0xFF59,0xFF59,0xF759,0xFF79,0xFF59,0xFF5A,0x5247,0xEF19,0xCDB3,0xCDD4,0xC5B2,0xFF79,0xFF99,0xFF7A,0xFF7A,0xFF79,0xFF7A,0xFF79,0xDE95,0xA4AF,0xCDF4,0xFF79,0xFF58,0x7B8B,0x844E,0xE674,0x9C8E,
0xFF7A,0xFF9A,0xB5D4,0x4A46,0xE6D7,0x01A3,0x01A7,0x0182,0xFF7A,0xFF7A,0xFF99,0xFF7A,0xF779,0x31A5,0xFF39,0x29A6,0x3289,0xA510,0x738C,0x0AA9,0x02AA,0x02E9,0xD695,0xFFBC,0x0209,0x2289,0xF759,0xBDF5,0x5B2A,0x0227,0x0165,0x0183,0xFF7A,0xFF7A,0xFF99,0xFF9A,0xFF9A,0xFF9A,0xFF99,0xFF79,0xFF9A,0xFF79,0xFF79,0xFF79,0xFF79,0xFF9A,0xFF9A,0xFF79,0xFF7A,0xFF79,0xFF79,0xFF79,0xFF7A,0xFF79,0xFF79,0xFF79,0xFF79,0xFF79,0xFF79,0xFF59,0xFF59,0xFF58,0xFF59,0xFF59,0xFF79,0xFF59,0xFF7A,0xFF59,0xFF79,0xFF79,0xFF59,0xFF79,0xFF79,0xFF59,0xFF79,0xFF59,0xFF59,0xFF59,0xFF58,0xFF59,0xFF59,0xFF59,0xFF59,0xFF59,0xFF59,0xFF59,0xFF59,0xFF59,0xFF58,0xFF38,0xFF59,0xF759,0xF739,0xFF59,0xFF59,0xFF59,0xFF59,0xFF58,0xFF58,0xFF59,0xFF59,0xFF58,0xFF79,0xFF79,0xFF39,0xFF79,0xFF59,0xF758,0xDED8,0xBDF5,0x8C6D,0xFF9A,0xFF99,0xFF79,0xFF79,0xFF79,0xFF7A,0xFF59,0xFF58,0xF6F7,0x8BCB,0xEE96,0xE6B7,0xF739,0xFF99,0xFF58,0xBDB4,0x9C2E,
0x42A7,0xB656,0x846D,0xE718,0xF6D7,0x730A,0x0226,0x01C6,0x7CD1,0xFF98,0xFF5A,0xF718,0x7B8C,0xE6F8,0xF6D7,0x7C0D,0xDED7,0x7BCB,0xFF7A,0xFF9A,0xFF7A,0xFF59,0xF6D7,0xFF9A,0xFF7A,0xFF7A,0xFF7A,0xEF5A,0x31A4,0xAD32,0x0164,0x0207,0x01A6,0x9CF0,0xFF7A,0xFF7A,0xFF7A,0xFF9A,0xFF79,0xFF79,0xFF79,0xFF59,0xFF59,0xFF9A,0xFF79,0xFF79,0xFF79,0xFF79,0xFF7A,0xFF7A,0xFF5A,0xFF7A,0xFF79,0xFF59,0xFF59,0xFF58,0xFF79,0xFF79,0xFF39,0xF759,0xF759,0xFF79,0xFF58,0xFF38,0xFF59,0xFF7A,0xFF7A,0xFF79,0xFF79,0xFF7A,0xFF59,0xFF5A,0xFF7A,0xFF7A,0xFF59,0xFF59,0xFF39,0xFF39,0xFF5A,0xFF5A,0xF759,0xFF59,0xF758,0xF758,0xFF59,0xF718,0xFF38,0xF738,0xFF38,0xF718,0xF759,0xF759,0xF759,0xFF59,0xF759,0xF759,0xFF59,0xFF59,0xF759,0xFF59,0xFF59,0xF759,0xFF59,0xFF79,0xFF59,0xF738,0xD655,0xD677,0xD617,0xFF98,0xFF78,0xFF79,0xFF99,0xFF99,0xFF7A,0xFF7A,0xFF7A,0xFF79,0xFF78,0xFF79,0xFF79,0xFF79,0xFF79,0xFF59,0xFF99,0xFF58,0xFF78,0xFF7A,
0x01A6,0x0146,0x4AA8,0xE6F8,0x2248,0x0309,0x3B0A,0xDE76,0x73AE,0xF79A,0x3A05,0x9CD2,0xEEF8,0xFF7A,0xE6D8,0x534A,0xFF7A,0xFF5A,0xE6F8,0xD6B6,0xFF59,0xFF79,0xFF7B,0xFF9A,0xFF9A,0xFF7A,0xFF79,0xFF7A,0xF75A,0xF75A,0xFF5A,0xFF59,0xEF5A,0xFF79,0xFF7A,0xFF9B,0xFF7A,0xFF7A,0xFF79,0xFF9A,0xFF79,0xFF7A,0xFF79,0xFF79,0xFF79,0xFF79,0xFF79,0xFF79,0xFF7A,0xFF59,0xFF59,0xFF79,0xFF59,0xFF79,0xFF79,0xFF59,0xFF59,0xFF58,0xFF5A,0xF759,0xF759,0xFF59,0xFF38,0xFF59,0xFF39,0xFF59,0xF759,0xF759,0xF759,0xFF7A,0xF759,0xFF59,0xF739,0xF759,0xF759,0xF739,0xF739,0xF739,0xF759,0xF739,0xFF59,0xF759,0xF739,0xF739,0xF739,0xF738,0xF759,0xF739,0xF738,0xF739,0xF739,0xF759,0xF759,0xF759,0xF739,0xFF59,0xFF59,0xF739,0xF759,0xF759,0xF759,0xFF59,0xFF59,0xFF39,0xFF58,0xFF58,0xF759,0xC613,0x944F,0x7BCD,0xFF9A,0xFF7A,0xFF79,0xFF9A,0xFF7A,0xC5B2,0xFF79,0xFF79,0xFF78,0xFF79,0xFF79,0xFF79,0xFF79,0xFF79,0xFF79,0xFF59,0xFF79,0xFF79,
0x01A5,0xD676,0x8C2E,0x63AA,0xAD72,0xDE94,0xF717,0xFF79,0xF739,0x9CB0,0x9CF1,0xF779,0xFF7A,0xFF9A,0x4AC8,0xBDB3,0xF739,0x02A8,0x0184,0x02C9,0x02C8,0x1BED,0xAE12,0xFF59,0xFF59,0xF779,0xFF59,0xFF7A,0xFF7A,0xFF79,0xFF7A,0xFF79,0xFF7A,0xFF59,0xF759,0xFF7A,0xFF5A,0xFF5A,0xFF59,0xFF9A,0xFF59,0xFF59,0xF759,0xF759,0xFF59,0xFF59,0xFF79,0xFF59,0xFF5A,0xF759,0xFF79,0xFF59,0xFF79,0xFF59,0xFF59,0xFF59,0xFF59,0xF759,0xFF59,0xF759,0xF759,0xFF5A,0xFF59,0xF739,0xFF59,0xFF5A,0xFF5A,0xFF59,0xF738,0xF739,0xF759,0xF759,0xF759,0xF739,0xF738,0xF718,0xF739,0xF739,0xF759,0xF759,0xF739,0xF739,0xF739,0xF739,0xF739,0xF739,0xF739,0xF738,0xF717,0xF758,0xEF18,0xF77A,0xFF78,0xF719,0xF738,0xF738,0xF718,0xF718,0xF759,0xF738,0xF738,0xF738,0xFF58,0xFF58,0xF738,0xF739,0xF739,0xEF5A,0xEF18,0xDE55,0xCE15,0xF779,0xEED6,0xB4F0,0x9C6F,0x8BCD,0xFF79,0x942C,0xFF38,0xFF38,0xFF99,0xFF79,0xFF79,0xFF58,0xFF79,0xFF79,0xFF79,0xFF79,
0x02CA,0x0249,0xEF18,0xE6D6,0xADF5,0x01A7,0x01E8,0x0185,0x4288,0x844F,0xF75A,0xF759,0xFF7A,0x2984,0x3A27,0x842E,0xC615,0xFF5A,0xF73A,0xCE56,0x3A87,0xF77A,0x9D73,0xA5D4,0xE738,0xFF59,0xF77A,0xF75A,0xFF7A,0xF759,0xF759,0xF75A,0xF75A,0xFF7A,0xFF7A,0xFF9B,0xF759,0xFF7A,0xFF79,0xFF7A,0xFF7A,0xFF59,0xFF5A,0xFF7A,0xFF59,0xFF59,0xFF59,0xFF59,0xF739,0xF759,0xF759,0xF759,0xFF79,0xF77A,0xF759,0xF759,0xFF59,0xFF59,0xEF18,0xF738,0xFF7A,0xF759,0xF759,0xF739,0xF739,0xF739,0xF759,0xF759,0xF759,0xF759,0xF739,0xF739,0xF718,0xEF18,0xF738,0xEEF7,0xF719,0xF739,0xF759,0xF738,0xF739,0xF739,0xF739,0xF718,0xF739,0xF739,0xF738,0xE73A,0xCD92,0x4A26,0xDF18,0xDE76,0x4A87,0xEF19,0xEF39,0xF738,0xF739,0xF739,0xFF59,0xF738,0xF738,0xF739,0xF739,0xF759,0xF738,0xEF58,0xA512,0xF739,0xFF59,0xFF9A,0xF738,0xAC8E,0xEF38,0xA4F2,0xEF18,0xF738,0xC637,0x9C0D,0xEED7,0xD6D7,0xFF78,0xFF78,0xFF79,0xFF79,0xFF79,0xFF58,0xFF79,0xFF9A,
0x02CA,0x030B,0x2A27,0x32EB,0x01A5,0x0249,0x01E7,0x0268,0x73CC,0xDEB7,0xF759,0xF719,0x3A86,0xC677,0xEF5A,0xF718,0xD6D8,0x0922,0xFF59,0xF75A,0xF75A,0x6B8B,0xA532,0x7CD1,0x0205,0x0209,0xCE97,0xFF59,0xFF7A,0xF77A,0xF77A,0xF75A,0xF739,0xFF7B,0xF75A,0xFF7B,0xFF7A,0xFF7A,0xFF7A,0xF739,0xFF59,0xFF5A,0xF739,0xF739,0xFF5A,0xF739,0xFF59,0xFF59,0xF739,0xF739,0xF759,0xF759,0xFF59,0xFF59,0xFF59,0xF759,0xF759,0xFF5A,0xF739,0xF739,0xF759,0xF739,0xF718,0xF739,0xF759,0xF759,0xF739,0xF759,0xEF39,0xEF18,0xEF38,0xF759,0xF719,0xF739,0xF739,0xF719,0xF718,0xF718,0xF739,0xF739,0xF718,0xEF18,0xEF39,0xEF39,0xEF38,0xEF18,0xEF17,0x4AC9,0xFF78,0xFFBA,0xFF5A,0xFF79,0xFF79,0xFF78,0xD6B8,0xF737,0xF757,0xF718,0xF738,0xF738,0xF718,0x7B89,0xEF19,0xE6F8,0xF739,0xF739,0xE6B6,0xC5B4,0xEF19,0xB593,0x5B08,0x6328,0xE6B7,0x52A9,0x4AA7,0x6B6A,0xFF59,0x8BAB,0xE6B9,0xFF59,0xFF78,0xFF58,0xFF58,0xFF79,0xFF79,0xFF79,0xFF99,0xFF9A,
0x030B,0x02AA,0x0287,0xBD92,0xA552,0x1B0A,0x01A6,0x430B,0x028A,0x0186,0x01C8,0x01E6,0xADF6,0xAD93,0xDF1A,0xEF19,0xE719,0xA594,0x1121,0xA5F5,0xBEB7,0xA552,0xAD93,0xF75A,0xE6D9,0xDF18,0xF778,0xF75A,0xF739,0xFF5A,0xF759,0xF739,0xF75A,0xF75A,0xFF7A,0xF75A,0xF77A,0xF759,0xF739,0xFF7A,0xF759,0xFF59,0xFF59,0xF75A,0xF759,0xFF7A,0xF75A,0xFF5A,0xF739,0xF759,0xFF79,0xFF7A,0xFF7A,0xFF5A,0xF759,0xF759,0xF738,0xF759,0xF739,0xF739,0xF718,0xF718,0xEF18,0xEF18,0xF718,0xF739,0xF739,0xEF39,0xEF3A,0xEF39,0xEF18,0xEF39,0xEEF8,0xF718,0xEEF8,0xF719,0xF739,0xEEF8,0xF759,0xEEF8,0xF6F8,0xF718,0xEF19,0xEF39,0xE719,0xEF5A,0xE6B8,0x6329,0xFF7A,0xFF99,0xFF79,0xFF79,0xFF79,0xF758,0xE6F7,0xCE34,0xB5B1,0xEF17,0xF718,0xEF38,0xE675,0xFF77,0xFF7A,0xBDB3,0xF739,0xF739,0xF75A,0xEF19,0x32A7,0x73AC,0xB5F4,0x9D11,0xEF38,0xFF39,0xDE55,0xDE56,0xFF98,0xFF78,0xFF99,0xFF79,0xFF79,0xFF79,0xFF79,0xFF79,0xFF79,0xFF99,0xFF79,0xFF9A,
0x02EA,0x02CA,0x024A,0x1AA9,0x01E7,0x5C2E,0x5C4F,0xAD74,0x73EC,0xEF3B,0x5B49,0xF75A,0xF77A,0xEF39,0xF77A,0xF77A,0xF75A,0xF759,0xDEB7,0x4B8C,0x9532,0xE779,0xDE97,0x8C4E,0x0228,0x0185,0x0228,0xC677,0xF779,0xEF39,0xEF39,0xEF39,0xF75A,0xF739,0xF75A,0xF73A,0xF73A,0xF75A,0xF75A,0xEF39,0xF739,0xF739,0xF75A,0xF759,0xF738,0xEF18,0xF759,0xF77A,0xF738,0xF739,0xF759,0xF75A,0xF75A,0xF75A,0xFF5A,0xFF3A,0xF719,0xEF39,0xF73A,0xEF39,0xF759,0xF718,0xEF39,0xEF39,0xEF39,0xEF39,0xEF19,0xEF39,0xE718,0xEF59,0xEF19,0xEF18,0xEEF7,0xEF18,0xEF19,0xE6F8,0xE719,0xEF19,0xEF39,0xE6F8,0xE739,0xE6F8,0xEEF7,0xE6F8,0xC697,0xFF78,0xFF7A,0xFF79,0xFF9A,0xFF7A,0xFF9A,0xFF79,0xFF79,0xFF99,0xFF99,0xFF99,0xE6B5,0xC614,0x842E,0xE718,0xFF79,0xFF79,0xFF79,0xDF19,0xB5B2,0xE6F8,0xEF19,0xF718,0xF718,0xEF18,0x5ACA,0x94AF,0xF718,0xFF9A,0xF737,0xBD32,0xFF37,0xFF38,0xFF99,0xFF79,0xFF78,0xFF78,0xFF58,0xFF79,0xFF59,0xFF78,0xFF79,0xFF9A,
0x02CA,0x03CF,0x02AA,0x02A9,0xA594,0x0A46,0xAD93,0xF73A,0xE719,0x1206,0x8CF0,0xF759,0xF759,0xEF39,0xF739,0xF75A,0xF75A,0xF75A,0xF75A,0xF759,0xADF5,0x4309,0xD696,0x7CF2,0x01C6,0x01E6,0x01C6,0x0206,0x5BAD,0xEF39,0xF739,0xEF39,0xEF39,0xF759,0xF75A,0xEF5A,0xEF39,0xEF3A,0xF73A,0xEF5A,0xF759,0xF719,0xF739,0xF738,0xEF39,0xEF38,0xEF39,0xEF39,0xE738,0xEF39,0xEF39,0xF739,0xEF39,0xEF39,0xEF39,0xF759,0xF739,0xEF39,0xEF19,0xEF18,0xEF18,0xF718,0xEF5A,0xEF19,0xEF18,0xEF19,0xEF18,0xEF19,0xEF59,0xE718,0xEF18,0xEF19,0xEF18,0xE718,0xE6F8,0xEF19,0xEF39,0xEF18,0xEF39,0xEF18,0xE738,0xE6F8,0xE6D7,0xDEF9,0x740C,0xE675,0xFF79,0xFF79,0xFF79,0xFF59,0xFF79,0xFF79,0xFF79,0xFF79,0xFF79,0xFF99,0xFF79,0xFF99,0xFF78,0xFF79,0xFF7A,0xFF79,0xFF99,0xF77A,0xFF79,0xE718,0xDF17,0xEF17,0xDED7,0x738B,0xE717,0xC636,0xA573,0x842E,0xCE35,0xFF7B,0xFF58,0xFF59,0xFF79,0xFF79,0xFF78,0xFF78,0xFF79,0x8BCB,0x8C0E,0xF738,0xFF38,0x942D,
0x02AA,0x02EA,0x0289,0x02CA,0x7471,0x19E6,0x636B,0x94B0,0x01C6,0x19E5,0xF73A,0xEF5A,0xF77B,0xF75A,0xEF5A,0xE719,0xEF39,0xE718,0xEF3A,0xEF39,0xE739,0xDEF9,0xD6B9,0x4B2B,0x536D,0xC6DA,0x84D1,0xD73A,0xE6B7,0xEF39,0xEF39,0xEF5A,0xEF5A,0xEF39,0xEF5A,0xEF39,0xF75A,0xEF39,0xEF39,0xEF39,0xEF39,0xEF19,0xF739,0xEF18,0xEF18,0xEF18,0xEF39,0xEF39,0xEF39,0xEF5A,0xEF39,0xEF39,0xEF19,0xF739,0xEF39,0xF759,0xF739,0xEF39,0xEF39,0xEF18,0xEF18,0xE719,0xE718,0xE718,0xE719,0xE719,0xE718,0xEF39,0xEF39,0xEF39,0xE718,0xE718,0xEF59,0xE718,0xEF19,0xE6F8,0xE718,0xE6F8,0xE6F8,0xE718,0xE6F8,0xE719,0xE6F8,0xD6B7,0x31A3,0xFF59,0xFF79,0xFF78,0xFF79,0xE676,0xD614,0x4B0B,0x6CAF,0xFF9A,0xFF78,0xFF59,0xFF79,0xFF78,0xFF78,0xFF79,0xFF79,0xFF79,0xFF79,0xFF99,0xF739,0xE739,0xE71A,0xE739,0xFF59,0xFF7A,0xFF99,0x9C6F,0xDED8,0xE6F7,0xFF57,0xEED7,0xFF37,0xFF79,0xFF79,0xFF79,0xFF79,0xFF79,0xFF58,0xFF79,0xFF79,0xCE98,0x840D,0xF71A,
0x0269,0x02AA,0x02AA,0x0289,0x1289,0xE739,0xE739,0x1A69,0x8D74,0x01C5,0x01A6,0x3267,0xEF5A,0xEF3A,0xEF5A,0xEF5A,0xEF39,0xEF39,0xEF39,0xEF39,0xEF39,0xF759,0xEF39,0xF738,0xEF39,0x94D0,0x332B,0x01E7,0x02E9,0xE719,0xEF39,0xEF5A,0xEF39,0xF75A,0xEF39,0xE739,0xEF39,0xF75A,0xEF39,0xF75A,0xF75A,0xEF3A,0xEF39,0xF739,0xEF39,0xEF39,0xEF18,0xEF19,0xEF39,0xEF39,0xEF19,0xF739,0xEF18,0xF759,0xEF18,0xEF39,0xEF19,0xEF39,0xEF39,0xEF18,0xF739,0xE718,0xE718,0xE6F8,0xEF39,0xE6F8,0xE718,0xEF18,0xE719,0xEF39,0xE6F8,0xE6F8,0xE718,0xDEF8,0xEF18,0xE6F8,0xE6F8,0xE6F8,0xE6D8,0xE6F8,0xE6F8,0xE6F8,0xDED8,0xCE97,0xC678,0xCE15,0x9C4D,0x4B6C,0xF759,0xACAF,0xA46D,0xFF79,0xFF78,0xFF79,0xFF79,0xFF9A,0xFF79,0xFF78,0xFF98,0xFF79,0xFF79,0xFF79,0xFF79,0xFF99,0xFF9A,0xFF79,0xFFBA,0xFF7A,0xFF59,0xFF79,0xFF78,0xFF59,0xEEF8,0xB5D6,0xF75B,0xFF98,0xFF99,0xFF79,0xFF99,0xFF79,0xFF58,0xFF58,0xFF79,0xFF59,0xFF79,0xFF59,0x5268,0xFF9A,
0x0289,0x0248,0x0289,0x02CA,0x0228,0xEF38,0xEF59,0xEF5B,0x43AD,0xDF1B,0xEF3B,0xEF1A,0xEF39,0xF759,0xEF39,0xF73A,0xEF3A,0xE739,0xEF3A,0xEF5A,0xEF39,0xEF39,0xEF39,0xE739,0xE739,0xE719,0xEF19,0xE718,0xEF79,0xEF5A,0xE719,0xEF19,0xEF18,0xEF39,0xEF5A,0xEF5A,0xEF5A,0xE719,0xE719,0xEF39,0xEF39,0xEF39,0xEF39,0xEF39,0xE718,0xDF18,0xEF19,0xEF5A,0xEF59,0xEF19,0xEF39,0xEF39,0xEF19,0xEF19,0xEF18,0xEF38,0xEF59,0xDF18,0xE719,0xE719,0xEF39,0xEF38,0xE719,0xE719,0xE719,0xE718,0xE6F8,0xE6F8,0xE6F8,0xE6F8,0xE719,0xE719,0xE718,0xE6F7,0xE6F8,0xE718,0xE6F8,0xE6F9,0xE718,0xE6F8,0xE6F8,0xDED7,0xD6F7,0xCEF8,0x536B,0xCE76,0xCEF9,0x63EE,0xF738,0xFF79,0xFF79,0xFF79,0xFF78,0xFF78,0xFF78,0xFF78,0xFF79,0xFF78,0xFF79,0xFF7A,0xFF79,0xFF98,0xFF79,0xFF78,0xFF78,0xFF78,0xFF59,0xFF59,0xFF79,0xFF79,0xFF79,0xFF78,0xFF98,0xFF99,0xFF79,0xFF79,0xFF79,0xFF79,0xFF79,0xFF79,0xFF79,0xFF79,0xFF78,0xFF59,0xF738,0xBD92,0xB4AF,0xFF7A,
0x02AA,0x0289,0x0249,0x0269,0x02CB,0xEEF9,0xEF19,0x532B,0x7490,0xDF39,0xB636,0x01E7,0x01A5,0x0165,0x0185,0xCE98,0xCEF8,0x744F,0xADF5,0xE6F8,0xEF39,0xE739,0xEF39,0xE719,0xEF39,0xEF39,0xE719,0xEF39,0xEF39,0xEF39,0xEF39,0xEF39,0xE739,0xE719,0xE6F8,0xEF19,0xE719,0xE719,0xE6F8,0xE719,0xEF39,0xEF39,0xE718,0xEF39,0xEF39,0xEF39,0xEF39,0xEF18,0xEF38,0xF759,0xEF59,0xE718,0xEF39,0xEF38,0xEF38,0xF739,0xF739,0xEF59,0xEF39,0xEF39,0xE718,0xEF18,0xE719,0xEF19,0xEF39,0xEF18,0xEF39,0xEF39,0xE718,0xEF39,0xEF38,0xEF18,0xE718,0xEF18,0xEF39,0xEF19,0xEF18,0xF718,0xE718,0xDEF7,0xE6F7,0xE6F8,0xBED6,0xCE97,0xAE16,0xD6F9,0x4B0B,0xFF58,0xFF79,0xFF99,0xFF79,0x8C0C,0xD614,0xFF77,0xFF78,0xCDD2,0xEEF8,0xD5D4,0xD656,0xE6B7,0x9D72,0xFF78,0xFF58,0xFF78,0xFF79,0xFF78,0xFF79,0xFF58,0xFF58,0xFF79,0xFF79,0xFF79,0xFF79,0xFF79,0xFF58,0xFF58,0xFF79,0xFF99,0xFF79,0xFF79,0xFF79,0xFF58,0xFF58,0xFF59,0xCD90,0xD5D3,0xB511,0xBD31,
0x01E7,0x0208,0x01E7,0x0289,0x0288,0xE6FA,0xBE16,0x01A8,0xCED8,0x3205,0x02AA,0x030C,0x038C,0x0145,0x01A8,0x0208,0x09E7,0x3B8D,0xE6F8,0xE718,0xE719,0xEF3A,0xEF1A,0xE73A,0xE6F8,0xEF59,0xE718,0xEF39,0xEF5A,0xEF59,0xEF5A,0xEF19,0xEF5A,0xE6F9,0xE719,0xE719,0xE6F8,0xE719,0xE719,0xE719,0xE718,0xE719,0xEF39,0xEF38,0xEF39,0xE6F9,0xEF39,0xEF38,0xEF38,0xEF38,0xE718,0xE718,0xEF39,0xEF39,0xEF18,0xEF18,0xEF18,0xEF19,0xEF39,0xE718,0xEF39,0xE718,0xE719,0xEEF9,0xEF39,0xEEF7,0xEF18,0xEF18,0xE718,0xE718,0xE739,0xE719,0xE718,0xDEF8,0xE718,0xE718,0xDEF9,0xE719,0xE719,0xDEF8,0xDED8,0xC696,0xCE78,0xEEF7,0xD635,0xE6B7,0xFF39,0xFF58,0xFF78,0xFF57,0xFF78,0xF779,0x8C8E,0xFF5A,0xFF78,0x6245,0xA531,0x7B2A,0xEF19,0xCE56,0x5BAC,0xFF79,0xFF79,0xFF58,0xFF18,0xCDD2,0xFF5A,0xFF39,0xCE14,0xFF79,0xFF79,0xFF99,0xFF7A,0xFF79,0xFF78,0xFF79,0xFF58,0xFF79,0xFF78,0xFF7A,0x840E,0xA4F0,0xFF57,0xFF58,0xF737,0xFF9A,0xFF79,0xFF58,
0x01A6,0x0228,0x01C7,0x0289,0x0289,0x02A9,0x2ACA,0x7C90,0xEF19,0xEF39,0xD71A,0xB656,0xB655,0xDF39,0xC6B7,0x7D11,0x0268,0xDF1A,0xE719,0x440E,0x0186,0x0187,0x0146,0x028A,0x02C9,0xBE15,0xEF1A,0xEF39,0xEF39,0xE719,0xEF39,0xE719,0xE6F8,0xE719,0xEF38,0xE718,0xE719,0xEF19,0xE6D8,0xE719,0xE718,0xEF59,0xEF19,0xEF19,0xEF19,0xE6F8,0xEF5A,0xEF39,0xEF39,0xEF39,0xEF39,0xEF39,0xEF39,0xF739,0xEF18,0xE718,0xEF39,0xEF39,0xEF19,0xE6F8,0xE719,0xE718,0xE718,0xE6F9,0xE6F8,0xE719,0xDF18,0xE719,0xE6F8,0xE6F7,0xEF38,0xEF39,0xDF19,0xDF39,0xEF39,0xE718,0xEF18,0xEF38,0xDED7,0xC656,0xC6B7,0xC5F3,0xFF7A,0xEE55,0xFF79,0xFF79,0xFF59,0xFF79,0xFF78,0xFF78,0xFF78,0xC6B8,0xD6F8,0x4AC8,0xAD2F,0x6BAB,0xD6D8,0xA616,0xFF58,0xFF7A,0x4A67,0xEF16,0x8BEB,0xF719,0xFF78,0x7B6A,0xBD71,0x946F,0xCDB3,0xFF79,0xFF78,0xFF78,0xFF59,0xFF79,0xFF79,0xFF79,0xFF79,0xFF79,0xFF78,0xFF99,0xDE55,0xAD30,0x942D,0xDE55,0xD5F3,0x942E,0xF739,0xFF79,
0x0268,0x01C6,0x0166,0x0185,0x028A,0x01C6,0x7CD2,0xCEFA,0x02A9,0x01E6,0x0186,0x0167,0x0207,0x01C7,0x1207,0x0104,0x3B29,0xEF39,0x0208,0x0206,0xDEFA,0x6C6F,0x430A,0xE75A,0x0208,0x01A7,0x0B4B,0xE739,0xEF1A,0xEF19,0xEF19,0xE719,0xEF19,0xE6F9,0xE6D8,0xCE76,0xE719,0xEF39,0xEF19,0xEF5A,0xE718,0xE718,0xEF39,0xEF39,0xEF18,0xEEF8,0xE718,0xE719,0xE718,0xEF39,0xEF19,0xEF18,0xEF38,0xEF18,0xEF18,0xE6F7,0xE6D7,0xE718,0xE6F8,0xE6F8,0xE718,0xE738,0xDEF8,0xDEF8,0xEF39,0xE718,0xDEF8,0xE718,0xEF18,0xE718,0xEF39,0xEF39,0xE718,0xE718,0xEF19,0xE6F8,0xE6F8,0xE6F8,0xD719,0xDF3B,0xBE76,0xCE77,0x74D1,0xFF37,0xFF79,0xDED7,0xFF57,0xFF98,0xFF58,0xFF79,0xFF59,0x31C5,0x8531,0xC697,0xB5F4,0xD6D7,0xDEF8,0xC6B7,0x5A65,0xFF7A,0xFF5A,0xFF9C,0xFF58,0x4228,0x6AA7,0xC5D3,0xFF99,0xFF98,0xFF77,0xFF78,0xFF99,0xFF79,0xFF79,0xFF79,0xFF79,0xFF79,0xFF58,0xFF79,0xFF79,0xFF58,0xFF59,0xFF78,0xFFB9,0x49A3,0xFF39,0xFF78,0xAD10,0xB52E,
0x0247,0x0145,0x0249,0x0228,0x0186,0x434B,0x1AC9,0x8511,0x0207,0x0208,0x236A,0x8553,0x6513,0x33CE,0x8490,0x09A7,0xA551,0xEF1A,0xE73A,0xE718,0xE719,0x63CD,0xAE36,0xDF19,0x73CB,0x7490,0x0229,0x338B,0xEF3A,0xE719,0xE6F8,0xE719,0xE719,0xE719,0xE6F9,0xDED8,0xE718,0xE6F8,0xEF19,0xEF39,0xEF18,0xEF79,0xEF39,0xEF39,0xEF19,0xEF39,0xEF59,0xEF39,0xEF39,0xEF39,0xF75A,0xEF39,0xEF39,0xEEF8,0xEF18,0xF739,0xEF39,0xEF39,0xE718,0xE6F8,0xE6F8,0xE718,0xE718,0xE718,0xE718,0xDEF8,0xE6F8,0xE718,0xE718,0xE718,0xDEF8,0xDF18,0xE6F8,0xE6F8,0xEF19,0xE6F8,0xDED8,0xE6F8,0xDEF8,0xDF19,0xE6F8,0xDEF6,0x5B4C,0x738B,0xCE34,0x8533,0x846E,0xDE75,0xFF9A,0xFF37,0xFF58,0xC5F4,0xD6F7,0xCEB7,0xDED6,0xDEF7,0x94B0,0xDF19,0xD5D3,0xBD51,0xF71A,0xFF78,0x9C4E,0xDE76,0xEF19,0xCDF4,0xFF58,0xFF78,0xFF7A,0xFF78,0xFF79,0xFF58,0xFF79,0xFF79,0xFF79,0xFF79,0xFF58,0xFF79,0xFF79,0xFF79,0xFF79,0xFF78,0xFF77,0xFF79,0xAC6F,0xBD53,0xFF58,0xFF57,
0x028B,0x0204,0x0269,0x0207,0x0184,0x0248,0x0207,0xD6D6,0xD719,0xCEB7,0xBF19,0x032D,0x128A,0xEF5B,0xBE76,0x638D,0xE739,0xEF3A,0xE719,0xEEFA,0x84AF,0xEF7B,0xD6D9,0x0227,0x0227,0xCED7,0xE758,0x8C6D,0xEEF8,0xE6D8,0xFFBD,0xFF3A,0xFF9A,0x8BEC,0xCE55,0xE6D9,0xDF1A,0xEEF9,0xEF39,0xEF59,0xEF59,0xEF59,0xE718,0xEF39,0xF739,0xF759,0xE719,0xF75A,0xF75A,0xEF38,0xEF18,0xEF39,0xEF18,0xF739,0xF75A,0xEF39,0xF759,0xEF39,0xEF19,0xEF39,0xEF39,0xE6D8,0xE6F8,0xE6F8,0xE718,0xE718,0xDEF7,0xE739,0xEF39,0xE719,0xE718,0xE739,0xE6F8,0xE719,0xE719,0xE719,0xDEF8,0xE6F8,0xDEF8,0xE6F8,0xD696,0xD696,0x9D54,0x4269,0xBE78,0x9D93,0x94CF,0xFF58,0xFF39,0xB4D0,0xFF5B,0x4A85,0xCED8,0xD6D7,0xDED8,0xCE74,0x840E,0xFF57,0xFF79,0xFF76,0xFF78,0xFF77,0xFF98,0xFF79,0xFF79,0xFF58,0xFF79,0xFF78,0xFF79,0xFF59,0xFF79,0xFF79,0xFF79,0xFF79,0xFF9A,0xFF79,0xFF59,0xFF79,0xFF79,0xFF79,0xFF79,0xFF58,0xFF79,0xFF79,0xFF79,0xFF79,0xFF78,0xFF9A,
0x0244,0x0225,0x0207,0x01A6,0x430B,0x0229,0x0269,0x01E7,0x01A6,0x01E5,0xD695,0xE719,0xE719,0xEF1A,0x42AA,0xD6F8,0xEF1A,0xE719,0x94F1,0x2A86,0x95D4,0x0247,0xDF39,0xE6F7,0xD73A,0xE71A,0xE6D7,0xF6F6,0xE634,0xD634,0xFF79,0xFF99,0xFF79,0xFF99,0xC5B2,0xF716,0xF718,0xCEF8,0xEF39,0xDF18,0xE6F8,0xE718,0xEF39,0xEF39,0xEF19,0xEF39,0xEF39,0xEF59,0xEF39,0xEF38,0xEF18,0xF739,0xF739,0xEF18,0xEF39,0xEF59,0xEF39,0xEF39,0xE718,0xEF39,0xE718,0xE6F9,0xDEF8,0xDEF7,0xE718,0xE6F8,0xDED8,0xE718,0xE6F8,0xE719,0xE6F8,0xE718,0xDF18,0xE718,0xE6F8,0xDED7,0xE6F8,0xDEF8,0xE6F8,0xE6F8,0xDEF7,0xDED7,0xD6D7,0xC6B6,0xC6B7,0x6C8F,0x9D11,0xE6D7,0xA40B,0x5A65,0xD6B7,0xDEF8,0xE718,0xDEF8,0xD6D7,0xEF18,0xE6B7,0xFF59,0xFF79,0xFF78,0xF738,0x8BEC,0xFF37,0xFF79,0xFF77,0xFF59,0xFF78,0xFF78,0xFF78,0xFF78,0xFF78,0xFF79,0xFF79,0xFF58,0xFF79,0xF6D6,0x940B,0xFF57,0xFF57,0xFF79,0xFF78,0xFF78,0xFF78,0xFF58,0xFF79,0xFF99,0xFF79,0xFF79,
0x8C06,0x0226,0x01C7,0x01C5,0x0124,0x0185,0x0228,0x01E7,0x0185,0x0207,0x43EC,0xDF19,0xE718,0xE719,0x42C9,0x7CD0,0x6BCB,0x1205,0x1227,0xCED9,0xDEF8,0xE6F9,0xDF5A,0xDF1A,0xDEF7,0xF75A,0xFF9A,0xB551,0xF6B7,0xC5B1,0xFF79,0xFF99,0xFF9A,0xE633,0xDE15,0xF6D7,0xDE33,0x4AA7,0xE6F8,0xC6F7,0xE718,0xEF18,0xEF39,0xEF39,0xE6F8,0xE718,0xEF39,0xEF59,0xEF19,0xEF18,0xEF39,0xEF18,0xF759,0xEF18,0xEF38,0xEF19,0xE718,0xEF39,0xDED7,0xE718,0xE719,0xE719,0xDEF8,0xDEF8,0xE738,0xE6F8,0xDED7,0xE6F7,0xE738,0xDF18,0xDF18,0xE718,0xDED7,0xDF18,0xEF18,0xE739,0xE719,0xE719,0xDEF8,0xE6F8,0xE6F8,0xE718,0xD696,0xD6D7,0xD6B7,0xCED8,0xCEB7,0xADF6,0x4309,0xCF19,0xDEF5,0xE718,0xE719,0xC6F8,0x1964,0x2944,0xB5F7,0x638B,0xFF59,0xFF78,0xE73A,0xD6F7,0xBE56,0xD654,0xFF98,0xFF78,0xFF78,0xFF78,0xFF78,0xFF78,0xFF57,0xFF78,0xFF58,0xFF58,0xDED7,0xE6F9,0xE6F7,0xDF59,0xDEB9,0xDED9,0xEF37,0xFF58,0xFF58,0xFF78,0xFF78,0xFF79,0xFF78,0xFF79,
0xF66B,0x0225,0x0267,0x6BEE,0x0165,0x01A5,0x0207,0x0248,0x01E6,0x7593,0x74F1,0xF719,0xEF39,0xEF59,0x11C6,0x74AF,0xDF18,0x438B,0x0186,0x0229,0x028A,0x0228,0x8CD3,0xB593,0x3288,0x0164,0x0164,0xFF79,0xE698,0x9D10,0xFF59,0xFF79,0xFF9A,0xCD73,0xB50F,0x738C,0xB531,0xFF78,0xB551,0xCEF7,0xE6F8,0xE719,0xDEF8,0xEF39,0xE718,0xEF39,0xEF39,0xEF39,0xEF39,0xEF18,0xE718,0xEF38,0xEF38,0xEF18,0xE718,0xEF39,0xEF39,0xE718,0xE718,0xDEF9,0xDEF9,0xE718,0xDED7,0xDEF8,0xDEF7,0xDEF8,0xDEF8,0xE719,0xE718,0xDF18,0xDEF8,0xDEF8,0xDED7,0xDED7,0xDED7,0xE6F8,0xE6F8,0xE6F8,0xDEF8,0xDEF8,0xE6F8,0xE718,0xDEF8,0xE6F8,0xD6D7,0xD6B6,0xDEF8,0xD6D7,0xDEB7,0xDEB7,0xDED7,0xE6F7,0xDEF8,0xE6F8,0xE717,0xE718,0xD6F8,0xC6F8,0x84F3,0x432B,0xB697,0xD6D6,0x634A,0xF739,0xFF58,0xFF78,0xFF78,0xFF78,0xFF79,0xFF58,0xFF57,0xFF58,0xFF79,0xB5D4,0xDEF7,0xEF18,0xE739,0xE6F8,0xDEF8,0xDED7,0xD6FA,0xF759,0xFF58,0xFF78,0xFF77,0xFF79,0xFF79,0xFF79,
0xFEEB,0x2AE5,0x22A7,0x2A68,0x01E6,0x022A,0x0269,0x0248,0x54D2,0x2ACA,0x0248,0x8D92,0xEF19,0xE719,0x2A48,0xC6B9,0xDF3A,0xE718,0xDEF8,0xE739,0xDEF8,0xD6D8,0xDEF7,0xBE16,0xC656,0xF739,0x09A5,0x0166,0x63CC,0xCDF4,0xFF58,0xFF37,0xFF59,0xF6D8,0xB552,0xFF38,0xC5D3,0xF6F7,0xFF37,0xFF59,0xD6D8,0xE718,0xDEF8,0xDF18,0xE718,0xE6F8,0xE718,0xEF19,0xEEF8,0xEF18,0xE718,0xEF39,0xEF38,0xEF38,0xEF39,0xE718,0xE718,0xEF39,0xE6F8,0xE739,0xE718,0xDEF8,0xE719,0xE719,0xDED7,0xDEF8,0xE719,0xEF19,0xDED8,0xE6F8,0xDEF8,0xE718,0xE718,0xE719,0xE718,0xE6F8,0xE6F8,0xE6F8,0xE6F8,0xE6F8,0xDF18,0xDEF8,0xDED7,0xDEF7,0xDEF8,0xD6B7,0xD6F7,0xE6F8,0xE718,0xDEF8,0xE6F8,0xE718,0xE718,0xDEF8,0xDEF8,0xDEF8,0xD6D7,0xD718,0xCED6,0xC6D8,0x42E8,0xDED9,0xE655,0xFF97,0xFF78,0xFF78,0xFF78,0xFF78,0xFF78,0xFF59,0xFF79,0x8BAB,0xF737,0x9DD5,0x63EE,0xDEF6,0xEF18,0xEF39,0xEF39,0xE718,0xE6F8,0xDED8,0xC677,0xFF59,0xFF58,0xFF79,0xFF58,0xFF79,
0xFEA8,0xACE9,0xA48F,0x0205,0x02C9,0x01C8,0x0249,0x0208,0x0228,0xEF1A,0xC6F9,0xD719,0xDED7,0x4AE9,0x2248,0x9DB3,0xDEF8,0xDEF8,0xDF39,0xE719,0xDF19,0xE697,0xFF38,0xEED7,0xAD32,0x01A5,0x03CD,0x7CB1,0xCDB4,0xDE13,0xF717,0xFF37,0xEE94,0xEEB7,0xF737,0xBCEF,0xDE15,0xBD52,0xF6F6,0xFF17,0xBDD3,0xDED7,0xDF38,0xE6F8,0xDF18,0xE718,0xE719,0xE718,0xEF18,0xEF38,0xE718,0xEF39,0xEF38,0xEF19,0xEF39,0xE718,0xE718,0xE718,0xE718,0xDED7,0xE6F8,0xE719,0xE6F9,0xE6F8,0xE718,0xDEB7,0xE718,0xE718,0xE718,0xE718,0xE718,0xE739,0xDF18,0xE6F8,0xE6F8,0xE6F8,0xE6F8,0xE6F8,0xDEF8,0xE718,0xE719,0xDED8,0xDEF8,0xDEF8,0xD6D7,0xDEF7,0xDEF8,0xDEF7,0xE718,0xE718,0xE6F8,0xDED7,0xE6F8,0xDEF8,0xDEF7,0xD6D7,0xDF19,0xC6B7,0x09C6,0x9D51,0x746D,0xA5B2,0xB614,0xEF38,0xFF78,0xFF79,0xFF79,0xFF58,0xFF59,0xDE15,0xFF78,0xA4CF,0xF77A,0x9DB5,0xBEB8,0xDF19,0xE719,0xE6F8,0xE6F8,0xE719,0xE6F8,0xE6F8,0xE6D7,0x42A7,0xFF79,0xFF59,0xFF57,0xFF79,
0xDD26,0xFEEB,0x5B09,0x01E4,0x0227,0x0207,0x0268,0x0248,0x02AA,0x8D52,0xEF18,0xE719,0x2A48,0x84B0,0xD6F8,0x7C91,0x2A47,0xD6F8,0xDEF7,0xA4F0,0xF718,0xF6F7,0x9C6D,0xF718,0xFF18,0xF6B5,0xE677,0xE696,0xAD51,0xFF17,0xFF17,0xFF58,0xEEF5,0xDE36,0xFF38,0xFF18,0xCDD3,0xFF37,0xDDF3,0xE5F3,0xFF17,0xF6F7,0x73EC,0xDF39,0xDEF8,0xDF18,0xE718,0xEF39,0xE718,0xE717,0xEF59,0xEF58,0xEF18,0xEF39,0xEF19,0xEF39,0xEF19,0xE718,0xEF39,0xE6F8,0xE719,0xE719,0xE6F8,0xEF39,0xE718,0xE718,0xE718,0xEF18,0xE6F8,0xE719,0xDEF8,0xDEF8,0xE719,0xE6F8,0xEF59,0xEF18,0xDEF8,0xE6F8,0xE719,0xE718,0xE6F8,0xE6F8,0xE6F8,0xDED7,0xDEB7,0xDEF7,0xDED7,0xDED7,0xDEF7,0xD6B6,0xE6F8,0xDED7,0xDED7,0xE718,0xD6D6,0xBE55,0x6BED,0xD696,0xFF78,0xFF77,0xB571,0xFF78,0xFF78,0xFF78,0xFF78,0xFF58,0xFF79,0xFF57,0xC5B5,0xCEB7,0xFF57,0xF6F6,0xFF57,0xFF79,0x9D11,0xBDF4,0xDED7,0xE718,0xEF18,0xE6F8,0xEF19,0xE6F8,0xEF39,0xEEF7,0xD697,0x944D,0xFF79,0xFF79,
0xCD28,0xDD48,0x4A40,0x0247,0x0267,0x01C6,0x0207,0x0269,0x0269,0x436B,0x0186,0xBE15,0xDEF7,0xDF18,0xE719,0xE719,0xDF19,0x95F6,0xB5B3,0xFF17,0xEED8,0xD695,0xF6D7,0xFEF6,0xFED6,0xF717,0xFF17,0xA4F0,0xCD71,0xFF17,0xFF38,0xFF17,0xFF17,0xF6D7,0xFF37,0xFEF8,0xF717,0xF717,0xF6F6,0xF717,0xF6F6,0xF717,0xF6D7,0xA532,0xDF18,0xF717,0xE718,0xE718,0xEF17,0xE717,0xEF38,0xE6F7,0xEF39,0xEF39,0xF759,0xEF59,0xEF39,0xF739,0xEF18,0xEF18,0xEF38,0xEF39,0xEF39,0xE6F8,0xE6F8,0xE6F8,0xEF18,0xEF39,0xE718,0xE6F8,0xE6F8,0xE718,0xE6F8,0xE6F8,0xE6F8,0xE718,0xE6F8,0xDEF7,0xDEF8,0xE6F8,0xE6F8,0xE718,0xE6F8,0xE6F8,0xDEF8,0xDEF8,0xDEF7,0xE718,0xDEF8,0xDEF8,0xDEF8,0xDEF7,0xE6F8,0xE718,0xD6F7,0x9512,0xB635,0x9573,0xFF38,0xB592,0xF718,0xFF79,0xFF78,0xFF79,0xFF79,0xFF79,0xC592,0xFF57,0x7B4A,0xFF39,0x62E9,0xAD74,0xF6F7,0xEEB5,0x740D,0x6C0D,0xE6F8,0xE718,0xEF19,0xE6F8,0xEF39,0xEF18,0xE6F8,0xE6F8,0xEF18,0xD6F9,0xFF78,0xFF79,
0xB447,0xCD6C,0xF6CD,0x0267,0x0246,0x01E7,0x0269,0x0248,0x01E8,0x0A48,0xADD4,0xD6F8,0xEF3A,0xE719,0xE6F8,0xE6F8,0xC655,0xE6F7,0xD676,0xAD10,0xFF38,0xEF17,0x01E7,0x0164,0x0268,0x01E6,0x3B4B,0xD6B7,0xF738,0xF6F6,0xFF17,0xF6F6,0xF6F6,0xF6F6,0xF6F5,0xDDF4,0xC570,0xF6F7,0xF6F6,0xF6F6,0xEED6,0xF6F6,0xF6D7,0xF6D7,0x9D32,0xC697,0xE6F7,0xE6F7,0xEF38,0xEF38,0xEF38,0xEEF7,0xF759,0xE6F7,0xEF59,0xF739,0xE6F8,0xEEF8,0xF739,0xEF18,0xE6F7,0xE718,0xE718,0xEF39,0xE6F8,0xE6F8,0xE6F8,0xEF39,0xE6F8,0xE718,0xEF39,0xEF39,0xEF18,0xE718,0xE718,0xE6F8,0xE6F8,0xE6F8,0xE718,0xE718,0xE6F8,0xE718,0xE718,0xEF18,0xE718,0xDED7,0xDF18,0xE718,0xE718,0xE718,0xDEF7,0xDEF8,0xDEF8,0xE718,0xDF18,0xC696,0xC6B7,0xB637,0xD6D7,0xC6B8,0xF758,0xFF78,0xFF99,0xFF99,0xFF79,0xFF99,0x9CD1,0xDE57,0xFFBA,0xF738,0xDEF9,0xE6D6,0xDE35,0x6B49,0xD6F8,0xBE36,0xEF39,0xE718,0xE719,0xEF19,0xEF18,0xE6F8,0xEF18,0xEF18,0xF739,0xC657,0xFF78,0xFF79,
0x6AC4,0xC509,0xD5A8,0xBD4C,0x0225,0x01E4,0x01E7,0x0186,0x0207,0x0267,0x2249,0xDF18,0xE718,0xE719,0xC697,0xCE56,0xD676,0xADB2,0xF6D6,0xF738,0x2A25,0x83EB,0x94B0,0x538B,0x74AF,0xA552,0xC5F4,0x5B2B,0xEED8,0xFF18,0xFF17,0xFF38,0xFF17,0xF6F7,0xFF17,0xFF38,0xF6F6,0xFF37,0xFF17,0xFF17,0xF6F7,0xF717,0xE634,0xFED6,0xF6D5,0xEE74,0x6BAD,0xCED6,0xE718,0xEF38,0xDF17,0xEF38,0xF759,0xEF19,0xEF59,0xEF18,0xEF18,0xEF18,0xEF17,0xE718,0xE719,0xE6F8,0xEF39,0xE718,0xE6F8,0xE6F8,0xE6F8,0xEF59,0xE6F8,0xE6F8,0xE6F8,0xEF19,0xEF19,0xEF39,0xE719,0xE719,0xE718,0xE6F8,0xEF39,0xE718,0xEF39,0xE6F8,0xE718,0xE718,0xDEF8,0xE6F8,0xDEF7,0xE6F8,0xDEF8,0xE718,0xD6D7,0xE718,0xD6D7,0xDF19,0xBEB8,0x842E,0x2ACA,0xBEB7,0xC677,0xF737,0xFF78,0xFF78,0xFF78,0xFF79,0xFF58,0xCE14,0xDE96,0xF757,0x840E,0xBD93,0xB531,0xEED6,0xFF58,0xFF78,0xF6F8,0xCE14,0xD696,0xE6F8,0xEF39,0xE6F8,0xEF18,0xEF39,0xE6F8,0xEF18,0xF718,0xEF19,0xA4F1,0xFF38,
0xC56A,0xBCAB,0xB50A,0xFECA,0x1A64,0x01E6,0x01C7,0x0146,0x0248,0x0207,0x74D1,0xC677,0xE6F9,0x7BCB,0xE676,0x22A7,0x01C7,0x0146,0x01E7,0x0185,0x7C2D,0x01C6,0x3B29,0x2288,0x4B4B,0x0206,0x01E5,0xE6F7,0xF6F7,0xF6D6,0xFF17,0xF6F6,0xFF37,0xFF38,0xFF17,0xFF17,0xF6F6,0xF6D6,0xFF17,0xFEF7,0xFF17,0xF6F8,0xEED7,0xF6F6,0xF696,0xAD72,0xE674,0xC637,0x42A9,0xE6F8,0xE717,0xEF38,0xF718,0xEF39,0xE6D7,0xEF18,0xEF38,0xEF39,0xEF39,0xEF39,0xEF39,0xE6F8,0xE718,0xE719,0xE719,0xEF39,0xE718,0xE718,0xE6F8,0xDED7,0xE6F8,0xE6F8,0xDEF8,0xE6F8,0xE719,0xE719,0xE6F8,0xE6F8,0xE718,0xE6F8,0xE6F8,0xDEF8,0xDEF8,0xDEF7,0xDEF8,0xDEF7,0xDEF8,0xDED7,0xE6F8,0xDED7,0xDEF8,0xD6D8,0xD6D8,0x638B,0x4309,0xFF57,0xFF78,0xFF79,0xFF78,0xFF59,0xFF58,0xFF99,0xFF79,0xFF78,0xFF58,0xFF59,0xFF38,0x49C4,0xFF58,0xEEB6,0xFF36,0xFF36,0xFF58,0xFF58,0xD719,0x4AE9,0xE6F8,0xE718,0xE6F8,0xEF39,0xEF18,0xEF19,0xE718,0xDED7,0xEEF7,0xEEF8,0xE718,0xFF79,
0x5263,0xBD0B,0xC508,0xEE2B,0xE6AF,0x01C6,0x01C6,0x0207,0x0228,0x0228,0x02AA,0xC552,0xE676,0xEEB6,0xE696,0x7BAC,0x7BEE,0xDE35,0xDE35,0xCE15,0xB5B4,0x6BAE,0x3A29,0xA511,0xEEB5,0xE6B5,0xEF17,0xEF17,0xEF37,0xF6D6,0xF6D6,0xF6D6,0xF6D7,0xF6F7,0xF717,0xF6F7,0xF6F7,0xF6D7,0xF6F6,0xF6D6,0xF6D6,0xF6F6,0xEEB5,0xEE94,0xEE94,0xEEB6,0xC572,0xEEB7,0xE6B7,0xAD73,0xC6B7,0xEF37,0xEF18,0xEF18,0xE6D7,0xE6F7,0xEF18,0xEF19,0xEF18,0xE718,0xE6F8,0xE6F8,0xE718,0xE718,0xE718,0xE718,0xE718,0xE718,0xE6F8,0xEF18,0xE6F8,0xE6F8,0xE718,0xE6F8,0xE6F8,0xEF39,0xE6F8,0xE718,0xE6F7,0xE6F7,0xE718,0xDEF6,0xDEF7,0xE6F7,0xE6F7,0xD6B6,0xDEF7,0xDED7,0xE6F7,0xD6D6,0xD6F8,0xD6D7,0xC696,0x636B,0x5BEE,0xF738,0xF6D5,0xFF78,0xF757,0x8CB1,0xD5F4,0xFF79,0xFF78,0xFF97,0x8C2D,0xDED6,0xFF37,0x8389,0xEEF9,0x4328,0xB531,0xFF18,0x9572,0x4A46,0xC677,0xB5D5,0xEF19,0xEF19,0xEF18,0xF739,0xEF19,0xE6F8,0xE6F8,0xEF18,0xE6F7,0xE718,0x636A,0xFF98,
0x9446,0xCD2C,0xC56B,0xDDA9,0xFF0C,0x2A87,0x0164,0x0268,0x0207,0x0268,0x0248,0xEEB5,0xEED6,0xE675,0xEEB6,0xF6D8,0xE675,0xDE34,0xD635,0xE6B7,0xEE76,0xFF16,0xF6F6,0xE6F8,0x3246,0x0248,0x0289,0x0268,0x0288,0x01C7,0x0226,0xEED8,0xEE96,0xF6B6,0xEEB5,0xE674,0xF6D7,0xEE96,0xEEB5,0xEED5,0xF6D6,0xF6D5,0xEEB5,0xEE95,0xEE94,0xF6B5,0xE674,0xE695,0xDE54,0xE675,0xAD93,0x8C90,0xE716,0xEF38,0xE6D7,0xE6F7,0xEF38,0xEF39,0xEEF8,0xEF39,0xE6F8,0xEF19,0xEF39,0xE718,0xE718,0xE718,0xEF39,0xE6F8,0xE6F8,0xE718,0xE6F8,0xE6F8,0xE6F8,0xDEF8,0xE6F8,0xE718,0xE718,0xDEF8,0xE718,0xE6F7,0xDEF7,0xDED6,0xE6F7,0xE6F7,0xDEF7,0xE6F8,0xDEF7,0xDF18,0xDEF7,0xB5F4,0x848F,0xC6B7,0xAE37,0xC6B7,0x2AE9,0xA658,0x9596,0xCEB6,0x29C5,0xEF37,0xFF57,0xFF57,0xFF79,0xBD72,0xF75B,0xFF58,0xFF78,0xFF79,0xC636,0x8C70,0xB657,0x840D,0x52CB,0xDED5,0xE6F8,0xE6F8,0xE6F7,0xE717,0xE718,0xE6F8,0xEF39,0xE6F8,0xEF19,0xE6D7,0xE6F7,0xDED7,0xDF18,0xA4D0,
0xF64D,0x9489,0xBD0A,0xD54A,0x7BC4,0x4267,0x0209,0x01E7,0x0228,0x02AA,0x0289,0xD636,0xDE95,0xCE56,0x33AC,0x2B4B,0x0208,0x01E8,0x0184,0x22E8,0x22A7,0xE697,0xEE95,0xEE96,0xEE96,0xCE16,0x01A5,0x01E7,0x01A6,0x0228,0x3BAC,0x8D92,0xE6D7,0xF6F6,0xF6D6,0xEE95,0xF6D7,0xEE95,0xEE95,0xEEB5,0xEEB5,0xF6D6,0xF6B6,0xF6D6,0xEE95,0xE654,0xDE54,0xE674,0xEE96,0xE655,0xEE75,0xDE35,0xBDF4,0xBE15,0xE716,0xEF18,0xE718,0xEF59,0xDED7,0xE718,0xE718,0xE718,0xEF39,0xEF18,0xEEF7,0xE718,0xE6F8,0xE718,0xE718,0xE718,0xE6F8,0xE718,0xDEF8,0xE6F7,0xE6F8,0xE6F8,0xE6F8,0xE6F8,0xDEF7,0xDEF7,0xD6F7,0xEEF7,0xE6F8,0xDED7,0xDEF7,0xE718,0xDEF8,0xBE35,0x63AB,0xDE75,0xE696,0xB594,0x0226,0x8D33,0x8D53,0xDEB6,0x844D,0xFEB7,0xFF58,0xFF58,0xFF78,0xFF78,0xFF56,0x9CEF,0xFF57,0xFF17,0xFF38,0x6BCB,0x52A8,0x8470,0xCEB7,0xDF18,0xDED8,0xDEB7,0xE6F8,0xE6F8,0xE6F8,0xE6F8,0xE6F7,0xEF17,0xF739,0xF738,0xF739,0xEF19,0xE718,0xEF18,0xE6F7,0xE6F8,
0xFE8A,0x52A2,0xB4E9,0xD54C,0x52A9,0xFEAB,0x5307,0x01A7,0x0228,0x02AA,0x028A,0xDE97,0xDE55,0x0286,0x3249,0x5B6C,0xBD72,0x94F0,0x7C0E,0xE696,0xBDD2,0xC5F3,0xDE97,0xE676,0xEE96,0xCE34,0xBDD3,0xBD93,0xA552,0xCE96,0x6BAB,0x1185,0xD633,0xEE76,0xE675,0xEE75,0xEE95,0xE674,0xE674,0xEE95,0xEE95,0xEE75,0xEE75,0xEE95,0xE654,0xEE95,0xE674,0xE674,0xE675,0xEE96,0xE675,0xE675,0xE675,0xDE34,0xB5B3,0x532A,0xE718,0xEF39,0xE719,0xEF39,0xEF19,0xEF39,0xE6F8,0xE6F8,0xEF18,0xE718,0xE6F8,0xDED7,0xE6F8,0xE6D8,0xE6F8,0xDED7,0xE6F8,0xDED7,0xE6F8,0xDEF7,0xDED7,0xE6F8,0xE6F8,0xDEF8,0xDEF8,0xEF17,0xE6F8,0xDEF7,0xDED7,0xDEF8,0xDED8,0x9D30,0x6B8B,0xE6F8,0xF6F7,0xFF58,0xBDD3,0xA4D0,0x8C70,0x736A,0xFF79,0xFF59,0xFF78,0xFF78,0xFF57,0xFF78,0xFF79,0xFF99,0xCE15,0xD6D8,0xD633,0xB5F5,0xD6D7,0xCE96,0xE718,0xEF18,0xE6F8,0xE6F8,0xDED7,0xE718,0xE718,0xE718,0xE6F8,0xEF38,0xE6F8,0xE6F9,0xE6F8,0xE6D7,0xEF39,0xE6F8,0xE6D7,0xE6D8,
0xFE8D,0x7B63,0xDD69,0x52E7,0x2943,0xFEC9,0xBD4A,0x01C5,0x0249,0x0269,0x026A,0xB614,0xDE14,0xAD52,0xCE35,0xD655,0xE696,0xE654,0x6B6D,0xDE14,0xA594,0x01E6,0x0226,0x0287,0xCE75,0xEE96,0xD696,0xE696,0xDE35,0xD634,0xE696,0xEEB7,0xDE55,0xD655,0xE655,0xEE74,0xEE75,0xEE95,0xE654,0xEEB5,0xF6F7,0xEE74,0xE654,0xE654,0xE675,0xE676,0xE654,0xE653,0xE674,0xDE74,0xDE33,0xDE54,0xD613,0xCDF3,0xCE14,0xCE35,0x7C0E,0xC656,0xEED8,0xE718,0xE6F8,0xE718,0xEF39,0xEF39,0xE6F8,0xE6F9,0xDEF8,0xE6F8,0xE718,0xE6F8,0xDEF7,0xE717,0xDEF7,0xDED6,0xDEF7,0xDEF7,0xE6F8,0xE6F8,0xDEF7,0xE6F8,0xE718,0xDED8,0xDEF7,0xDEF7,0xDEF7,0xDED7,0xDED7,0xDEF9,0xBD93,0xFF38,0xFF36,0xFF78,0xFF56,0xFF79,0xFF58,0xFF77,0xFF58,0x6B69,0xF717,0xFF58,0xFF78,0xFF78,0xFF18,0xFF78,0xBDF4,0xD6D7,0x744F,0xDEF8,0xE6F8,0xDEF7,0xE6F7,0xDEF7,0xD6B7,0xDEB7,0xDEF7,0xE6F8,0xE6F8,0xE6F8,0xE6F8,0xDEF8,0xEF18,0xE719,0xE6F9,0xDED8,0xE718,0xEF39,0xE718,0x94F0,
0xDD6B,0xFEA9,0x4287,0x3225,0xC54D,0xFEEE,0xFF0A,0x5B69,0x0208,0x0227,0x0249,0x9DF5,0xB5D4,0xCDB4,0xD614,0xC5B3,0xBDF5,0x846E,0x0248,0x8D0F,0xD655,0x838A,0x232B,0x0208,0x0267,0x42E9,0xD573,0xCDB3,0xD5F4,0xCDF3,0xCE14,0xD614,0xDE35,0xD634,0xC5B3,0xE696,0xCDF4,0xE676,0xDE75,0xC5D2,0xCDF3,0xCDF3,0xD634,0xCE14,0xD613,0xE654,0xCE13,0xCE13,0xD614,0xCE14,0xCE14,0xD613,0xD634,0xCDD3,0xD614,0xD634,0xAD72,0xBD94,0x7CB0,0xDEF8,0xDED7,0xE6F8,0xE718,0xE6F8,0xE718,0xE719,0xDED7,0xE718,0xDED7,0xE6F8,0xE6F7,0xDEF7,0xDEF7,0xE6F7,0xE6F8,0xDEF7,0xE718,0xDEF8,0xE6F8,0xDEF7,0xDEF7,0xE6F8,0xE6F8,0xDED7,0xDED7,0xD6D7,0xDF18,0x7490,0xF6D6,0xFF78,0xFF77,0xAD31,0xCDD3,0x9C6E,0xFF37,0xFF58,0x5AA8,0xC653,0x4AA7,0xFF58,0xE656,0x9530,0xFF57,0xF758,0x742E,0x4AA8,0xD6F8,0xE6F8,0xD6B7,0xE6F8,0xDEF8,0xDEF7,0xDED7,0xDED7,0xE718,0xE6F8,0xE6F8,0xE719,0xE719,0xE719,0xE6F8,0xE6F8,0xE6F8,0xEF38,0xE6F8,0xDEF7,0xE6F8,0xDED7,
0xAC28,0xFECC,0x29C5,0xC549,0x942A,0xFEA8,0xE66F,0xE630,0x01A4,0x0228,0x026A,0x5D10,0xB572,0xAD52,0xB572,0xA532,0x9D53,0x39E7,0x7C90,0x0205,0x63ED,0xC614,0xA553,0x7C50,0x0246,0xADD4,0xA511,0xB572,0xC5B4,0xC5B4,0xB511,0xB593,0xB5B4,0xB593,0xB572,0xCDF5,0xCDF4,0xB572,0xB593,0xB5B4,0xBDB3,0xC5D4,0xBDB3,0xB572,0xBDB2,0xAD51,0xC592,0xBD73,0xAD32,0xC5D3,0xBD92,0xB592,0xC5F4,0xC5B4,0xBD93,0xD615,0xBDB3,0xCE36,0xB5B4,0xAD72,0x4268,0xDEF8,0xD6B5,0xDED7,0xE718,0xE739,0xE6F8,0xE6F7,0xE6F8,0xE6F8,0xE718,0xE6F8,0xE6F8,0xE6F8,0xDED7,0xE718,0xE6F8,0xE718,0xE718,0xDEF7,0xD696,0xDEF7,0xE718,0xD6D7,0xD6B6,0xD6D8,0x742E,0xC677,0x4268,0x84D3,0xB5B4,0xE6F6,0xF759,0x7B89,0xBDF4,0x636A,0xADB5,0xADF4,0xB616,0x6592,0x5B49,0xEE75,0xFF16,0xE6B7,0x5329,0x42C9,0x8CF0,0xDF17,0xDED7,0xE6F8,0xE6F8,0xE6F8,0xD6B7,0xDED7,0xE6F8,0xE6F8,0xE719,0xDEB7,0xE6F8,0xE6F8,0xE718,0xE6F8,0xE6F8,0xDED8,0xE6F8,0xE6F8,0xDED8,0xDED8,
0x7A81,0x93C4,0xDE6F,0xB4CB,0x5AE6,0xFEAA,0x6B46,0xFECA,0x02A7,0x0248,0x0249,0x01A5,0x63AB,0xA592,0xAD93,0x9D32,0x2A08,0x8CD2,0xBDF5,0xC5D4,0xB5D3,0xAD72,0xA511,0x9CF1,0x8C6F,0x8D12,0x9D32,0xA552,0x8CAF,0xAD52,0xACF1,0x9D11,0xA573,0xAD94,0xAD93,0x9D11,0xA552,0xA532,0x9532,0x8490,0x9CF1,0xA532,0xA532,0xA511,0xA510,0xA4F0,0xB533,0xBD94,0xB593,0xAD11,0x9CF1,0x94D0,0xA552,0xAD11,0xA531,0xAD52,0xAD52,0xB594,0xA532,0xAD73,0xB5B4,0xA594,0xA511,0xDED7,0xDED7,0xDEF7,0xE6F8,0xDED7,0xE718,0xE6F8,0xDED7,0xDEB7,0xDEF7,0xE6F8,0xE6F8,0xE718,0xE6F8,0xDEF7,0xE6F8,0xDEF8,0xDED7,0xDED7,0xE6F8,0xDEF8,0xDEF7,0xD6D8,0xD6D7,0xCF17,0x536B,0xCED9,0x7C50,0xE6F7,0xF778,0xFF99,0x2206,0x0ACA,0xC6B9,0xC697,0xD6D8,0xCED7,0x744F,0xFF58,0xFF99,0xEED7,0xC636,0xB5F7,0x7C2E,0xD6D6,0xDEF8,0xE6F8,0xE6F8,0xDED7,0xDEF8,0xDED7,0xE6F8,0xE718,0xE6D8,0xE6F8,0xDED7,0xE718,0xE6F8,0xE6D8,0xE6F8,0xDED7,0xE719,0xD6B6,0xD6B8,0xCEB8,
0x9CA9,0x7B8B,0xFEE7,0x8386,0x8429,0xFECD,0x5AA6,0xFE6B,0x02A8,0x0269,0x032B,0x2267,0xBD93,0x4B09,0x3AEB,0x6C2E,0x74F0,0x22E9,0x642E,0xAD93,0x8451,0x2AC9,0x1A88,0x0227,0x33ED,0x8CD0,0x94F1,0x9D52,0x8CD0,0x94F1,0x9D53,0x84B0,0x740F,0x8CD1,0x8CB0,0x94F1,0x8470,0x94F2,0x8CD1,0x84B0,0x94F1,0x8CB0,0x9511,0x9CF1,0x9CF1,0x9512,0x9D32,0xA553,0x84B0,0x94F1,0x8CB0,0x8CB0,0x8CB0,0x8490,0x8CD0,0x8CD1,0x94F1,0x9512,0x848F,0x9D32,0x94F1,0x9512,0xADB4,0x8CB1,0x4AE9,0xE73A,0xE6F8,0xE6F7,0xDEF7,0xDEF8,0xDEF7,0xE6F7,0xE718,0xE718,0xE6F8,0xE718,0xDEF7,0xDEF7,0xD6D7,0xDEF7,0xDEF7,0xE718,0xDEF8,0xDED7,0xDEF8,0xD6B7,0xDEF8,0xDEF7,0xD6B7,0xD6F8,0xC6B7,0x73ED,0xC6B7,0xADF4,0xDF19,0xE718,0xDEF8,0xD6D7,0xD6D8,0x9D94,0x6B6B,0xF736,0xFF58,0xFF58,0xFF58,0xBDF4,0x53CD,0xCEF9,0xDEF9,0xE719,0xE718,0xDEF7,0xE6F8,0xDED7,0xDED7,0xE6F8,0xE6F8,0xE718,0xDEF8,0xE718,0xE6F8,0xDED7,0xDEF7,0xE6F8,0xEF39,0xDED8,0xC656,0xD6F9,
0x5288,0x6347,0xFEA9,0xFEAE,0x8469,0xBCC8,0x6329,0xD58B,0x0183,0x0166,0x0267,0x01E7,0x0041,0x7CB1,0x9D10,0x94D0,0x9CB0,0x9512,0x4C50,0x0186,0x01E8,0x0187,0x01A7,0x0186,0x4BCC,0x8490,0x9512,0x8CF1,0x7C6E,0x848F,0x94D0,0x8490,0x7C70,0x7C90,0x7C70,0x84B1,0x8CD1,0x7C70,0x7450,0x7C70,0x84D1,0x8CD2,0x744E,0x8CF1,0x9533,0x84B1,0x9533,0x8D12,0x7C50,0x7C4F,0x744F,0x84B1,0x744F,0x8CB0,0x94F1,0x744F,0x742F,0x8490,0x8CF2,0x7C70,0x84B1,0x7C90,0x7C90,0x7C90,0x6C0D,0x7CB0,0x42A7,0xD6D7,0xDF18,0xDEF9,0xDEF9,0xDED7,0xE6F7,0xDED7,0xDED7,0xDED7,0xDED7,0xDED7,0xE6F8,0xDED7,0xE6F8,0xDEF7,0xE6F8,0xE6F8,0xE6F8,0xDED7,0xE718,0xE6F8,0xDED7,0xDEF7,0xDEF8,0xD6D7,0xE719,0xE6F8,0xE6F8,0xE718,0xE6F8,0xDEF5,0x6B4A,0x6C2E,0x5B29,0xFF35,0xAD30,0xFEF7,0xF717,0x8C0C,0xCE97,0xDEB8,0xE6F8,0xDEF8,0xDED7,0xE718,0xDEB7,0xDED7,0xDED8,0xE719,0xE6F8,0xDEF7,0xDED7,0xDEF7,0xE6D7,0xE6F8,0xDED7,0xE6F8,0xDEF8,0xDEF8,0xD6D7,0xC698,
0x2902,0x844A,0xFEAC,0xFEC9,0x83C4,0xA403,0x6389,0xF690,0x0247,0x0208,0x0209,0x0861,0x8573,0x230B,0x01E6,0x0226,0x3B8D,0x32CB,0x09C7,0x01A5,0x0145,0x01A6,0x43CF,0x1A89,0x4AC9,0x6470,0x542F,0x7532,0x744F,0x640E,0x746F,0x744F,0x740F,0x8CD2,0x84D1,0x7C90,0x7C70,0x7C70,0x7C90,0x84B1,0x84B1,0x84B1,0x744E,0x746F,0x84B0,0x84B1,0x84D1,0x744F,0x84D1,0x84B1,0x8491,0x744F,0x7C90,0x8490,0x846F,0x84B1,0x8CF2,0x7C70,0x63AD,0x84B1,0x7470,0x7C90,0x744F,0x5B8D,0x7C70,0x744E,0x84D0,0x8CF1,0x3A67,0xDED6,0xD6D7,0xDED9,0xDED7,0xDEF7,0xDEF7,0xDEF7,0xE6F8,0xE6F8,0xE717,0xDEF6,0xDEF6,0xF6F8,0xD6D7,0xE6F8,0xE718,0xDEF8,0xD6B6,0xE6D7,0xDED7,0xE6F8,0xE718,0xE6F8,0xEF19,0xE6F8,0xE6F8,0xE718,0xE719,0xE6F8,0xE6F7,0xD6D7,0xCEF8,0xC698,0x7CD1,0xD6D7,0x8CD2,0x6BCE,0xD6D8,0xDED7,0xDED7,0xDEF8,0xDEF7,0xE6F8,0xE6F7,0xDED7,0xE6F8,0xE6F8,0xE6F8,0xDED7,0xE6F8,0xDED7,0xE6F8,0xE6F8,0xDEF7,0xDEB7,0xDED8,0xDEF8,0xD6D7,0xBE76,
0xF6EC,0xBD69,0xFE8C,0xFE6C,0xFEAA,0xB547,0x6388,0xEE4F,0x0186,0x0248,0x0228,0x0228,0x0228,0x0248,0x0228,0x0208,0x0228,0x01A5,0x8490,0x8CF2,0x8CB1,0x84D0,0x8CD0,0x43AD,0x228B,0x0083,0x0042,0x0105,0x11C7,0x08E3,0x432C,0x642F,0x7C90,0x746F,0x74B1,0x7471,0x5BEF,0x6C70,0x7C70,0x7C6F,0x7450,0x6430,0x7CB1,0x8491,0x8CF2,0x7C4F,0x8491,0x84B1,0x6BEE,0x6C0E,0x7C70,0x7C70,0x7C70,0x84F2,0x5BCD,0x7490,0x7CB1,0x8CF2,0x8491,0x7C70,0x7C70,0x6BEE,0x7C90,0x744F,0x742F,0x744F,0x8CD0,0x846E,0xAD52,0x8C8F,0x9D52,0xD697,0xDED7,0xDEB7,0xDEF7,0xDED6,0xD6D7,0xC635,0x7C90,0x0081,0x00A3,0x0081,0x8CF1,0xCED7,0xE6F8,0xE6D7,0xDEF7,0xDED7,0xE6F7,0xE6F8,0xDEF7,0xE718,0xD6D7,0xDF38,0xE718,0xDEF8,0xD6D7,0xDED8,0xDED8,0xD6B8,0xADB5,0xC6D6,0x534B,0xB615,0xDED7,0xD6F8,0xE6F8,0xE6F9,0xDED7,0xDF18,0xDEF8,0xE6F7,0xE719,0xE718,0xE6D8,0xE719,0xE6F8,0xDED7,0xE6F7,0xE6F8,0xE719,0xE6F7,0xEF19,0xE719,0xE718,0xDED7,0xE6F8,0xD6F7,
0xFEE9,0xB52B,0x6BC6,0xC529,0xF66C,0xB44A,0x7C4A,0xF68E,0x01E7,0x0186,0x0208,0x0228,0x0228,0x00E3,0x0145,0x0145,0x0104,0x0248,0x0247,0x332A,0x5B6C,0x00A3,0x0041,0x0001,0x0001,0x0001,0x0002,0x0001,0x0000,0x0000,0x0001,0x0001,0x1A48,0x74D2,0x6C71,0x74B2,0x84F3,0x7CB1,0x7C90,0x84B0,0x7491,0x7CD2,0x84D2,0x9512,0x9533,0x8CD2,0x84B1,0x7C4F,0x7C90,0x84B1,0x7C90,0x7C70,0x84B1,0x9533,0x8D12,0x8D33,0x8512,0x742F,0x744F,0x7490,0x646F,0x8CF2,0x7C70,0x7C70,0x7C90,0x74B0,0x8511,0x9D31,0x9511,0x8CD0,0x8CAF,0x9D12,0x9532,0x74CE,0x2183,0x0062,0x0022,0x0022,0x0002,0x0001,0x0042,0x0021,0x0022,0x0023,0x0061,0x84AF,0xDEF8,0xD6D8,0xD6F8,0xDEF8,0xDEF8,0xDEF8,0xDEF8,0xD6B6,0xDED7,0xD6B7,0xCE96,0xE718,0xDEF8,0xDEB8,0xDEF9,0xD6B8,0xDF18,0xD6F8,0xDED7,0xE718,0xD6B7,0xDED7,0xDED8,0xDEB7,0xD6F8,0xE6F7,0xE6F8,0xE719,0xE719,0xE6F8,0xEF19,0xDEF8,0xD6D8,0xCE96,0xDED7,0xDED7,0xDEF8,0xE718,0xDED7,0xDED7,0xE719,0xE718,
0xFEEC,0x62E5,0xB4E9,0x62C6,0xB46B,0xFECA,0x8CAB,0xF68F,0x0228,0x0165,0x01E7,0x0124,0x0124,0x01A6,0x00E3,0x00C3,0x00E3,0x0125,0x0269,0x01E8,0x0105,0x0167,0x00A4,0x0001,0x0001,0x0001,0x0002,0x0021,0x0001,0x0021,0x0082,0x01C8,0x0042,0x0042,0x42CB,0x7450,0x6BEE,0x7470,0x6C6F,0x63ED,0x53CF,0x7C8F,0x6C2F,0x740F,0x7C4F,0x7470,0x7CB1,0x746F,0x6C2E,0x742F,0x7D12,0x5B8E,0x0021,0x0022,0x0042,0x0042,0x0022,0x0042,0x0042,0x0041,0x2B2C,0x6C70,0x84F2,0x7C70,0x4B2A,0x1925,0x0041,0x3AA9,0x744F,0xADB5,0xAD53,0xA573,0x2207,0x0082,0x0042,0x0062,0x0063,0x0042,0x0043,0x0022,0x0042,0x0062,0x0063,0x0063,0x0063,0x00A5,0x00A3,0x432A,0xCF17,0xD6D7,0xDED7,0x4A88,0x8C0B,0xA510,0xE695,0x8470,0xCEF7,0xDEF8,0xE6F8,0xE6F8,0xE6F8,0xDEF8,0xDF37,0xD6F6,0xD6D7,0xDED7,0xD6B7,0xD6F8,0xD6D7,0xDEF6,0xE718,0xDF18,0xD6B6,0xDEF7,0xE6F9,0xDEF8,0xE6D8,0xE6F7,0xBEB7,0x1184,0x1963,0xD6D7,0xE718,0xDEB7,0xDEF8,0xDF18,0xDF18,0xE6F8,
0xFEEA,0xB4E9,0xAD29,0xA449,0x8C09,0xFECB,0xF6CB,0x5225,0x0208,0x01E7,0x0208,0x0186,0x01E7,0x0208,0x01C7,0x0104,0x0145,0x0166,0x0228,0x01C6,0x0125,0x0209,0x0249,0x00A4,0x0022,0x0022,0x0022,0x0166,0x01C7,0x0249,0x01E7,0x0249,0x0229,0x0022,0x0022,0x0022,0x0023,0x0043,0x0042,0x0084,0x0083,0x0041,0x0041,0x0021,0x0063,0x0020,0x63CD,0x5BED,0x1943,0x0041,0x0043,0x0022,0x0022,0x0043,0x0083,0x0042,0x0063,0x0043,0x0063,0x0042,0x0063,0x00A4,0x0064,0x0043,0x0083,0x0083,0x0084,0x00C5,0x00C5,0x0062,0x0042,0x0042,0x00E3,0x0082,0x00C4,0x00C4,0x00A4,0x00A4,0x0084,0x00A4,0x00A4,0x0043,0x0063,0x0063,0x0063,0x00C4,0x0022,0x0063,0x0022,0x0042,0x1143,0xFF79,0xFF57,0xFF57,0x6AE9,0xCEB8,0xD6D8,0xCE76,0xDED7,0xD696,0xD696,0xCEB5,0xDEF7,0xDF18,0xCEB6,0xD6F8,0xDEF8,0xDED7,0xDEF8,0xCE76,0xDEF7,0xDED5,0xDED7,0xDED7,0xDED7,0xE6F8,0xCE96,0x08C2,0x0063,0x0043,0x0043,0x0063,0x0080,0xE75B,0xD6B9,0x0060,0x0083,0x0125,
0xFEEB,0xFEAC,0xBD49,0xA4CC,0x9BA7,0xFEEB,0xFECC,0xFEEC,0x19C7,0x0123,0x0207,0x0248,0x01A7,0x0146,0x0228,0x0228,0x0186,0x0104,0x0208,0x01E7,0x0228,0x0228,0x01E7,0x0207,0x0166,0x0166,0x0145,0x0165,0x01A6,0x0186,0x0248,0x0249,0x0249,0x00E4,0x00C4,0x0063,0x00C4,0x0166,0x01A6,0x01A6,0x0145,0x0165,0x0062,0x0083,0x0042,0x0062,0x0084,0x0083,0x00A3,0x00C3,0x00E4,0x00C3,0x00A3,0x00E4,0x00A3,0x00E4,0x00C3,0x00E3,0x0104,0x00C3,0x0104,0x00A4,0x0063,0x0063,0x00C4,0x0083,0x0063,0x00E5,0x0105,0x00A3,0x00C4,0x00E5,0x00C3,0x0104,0x0125,0x0145,0x0946,0x00C4,0x00E4,0x0104,0x0145,0x0125,0x00C4,0x00A4,0x00C4,0x0104,0x0125,0x0105,0x00C4,0x00E4,0x0126,0xFF37,0xFF37,0xCDD4,0x0124,0x0185,0x0165,0x5B8E,0x00E3,0x00C3,0x0144,0x0124,0x00E4,0x0104,0x0104,0x0125,0x0103,0x00C2,0x0104,0x00E3,0x00E4,0x00A3,0x4A89,0xC697,0x5B6B,0x0124,0x00E4,0x00E3,0x00A3,0x0083,0x0084,0x0083,0x0063,0x0063,0x00C4,0x0041,0x0104,0x01A9,
0xFEEB,0xF68A,0xF647,0x52A4,0xB448,0xFECD,0xB486,0xFECB,0xC5EE,0x0124,0x0249,0x01C7,0x0104,0x0208,0x0186,0x0083,0x0125,0x0062,0x00C3,0x01E7,0x0249,0x0249,0x0124,0x0165,0x0269,0x01A6,0x0125,0x0125,0x0186,0x0248,0x0248,0x0229,0x0229,0x0229,0x01E7,0x0269,0x0228,0x0228,0x0207,0x0228,0x0208,0x0248,0x0248,0x0082,0x0022,0x0022,0x00C4,0x0083,0x00C3,0x0125,0x0145,0x0104,0x0104,0x0125,0x1186,0x0186,0x0146,0x09A7,0x01C6,0x0165,0x0124,0x00A3,0x0105,0x01C8,0x0125,0x0105,0x0208,0x0208,0x01C7,0x0186,0x00A3,0x00E4,0x0124,0x0986,0x1987,0x1166,0x0146,0x0925,0x00E4,0x00E4,0x0165,0x0186,0x1166,0x1125,0x11A7,0x21E8,0x0946,0x1145,0x1186,0x0145,0x19E7,0xFF37,0xE6B7,0x11A5,0x0165,0x1186,0x0925,0x0124,0x0145,0x0986,0x1145,0x0986,0x0125,0x0125,0x0166,0x0104,0x0145,0x00E4,0x0124,0x0125,0x0166,0x0104,0x0105,0x0126,0x00A4,0x0105,0x00A3,0x0125,0x0925,0x0104,0x00E4,0x0167,0x00A4,0x00C4,0x0125,0x00E4,0x0166,0x11E9,
0xFEEA,0xDDEC,0xD543,0xA509,0xAD09,0xF6CA,0x9C6A,0xFECC,0xCDCD,0x01E6,0x0186,0x0125,0x0104,0x0104,0x0082,0x00A3,0x00C3,0x00A3,0x0083,0x00A3,0x00E4,0x00C3,0x00C3,0x00C3,0x0125,0x0207,0x0186,0x0145,0x0228,0x01E8,0x01C7,0x0186,0x0207,0x0207,0x0144,0x0186,0x01A7,0x0229,0x0207,0x0227,0x0228,0x0249,0x0228,0x01C6,0x0165,0x0145,0x0165,0x0145,0x0105,0x0105,0x11A7,0x0986,0x0945,0x0167,0x0146,0x0166,0x0166,0x0228,0x0208,0x0208,0x0207,0x0207,0x01A6,0x0185,0x01A5,0x01A5,0x0185,0x0185,0x0185,0x0185,0x01A6,0x01C7,0x01E7,0x01C7,0x0104,0x1987,0x09C7,0x1145,0x1208,0x11E8,0x09A7,0x0186,0x0945,0x0986,0x1186,0x2187,0x0125,0x1186,0x11E8,0x2249,0x1985,0xFF16,0x1164,0x0145,0x0145,0x19C7,0x2229,0x42EB,0x3228,0x19E6,0x2207,0x11A6,0x1987,0x2A29,0x2A28,0x2228,0x19A7,0x0986,0x0166,0x0125,0x0966,0x0125,0x11A7,0x0145,0x0125,0x0104,0x0105,0x1145,0x0104,0x08E4,0x00C4,0x0905,0x00E4,0x0125,0x0166,0x0125,0x0186,0x01C8,
0xFEEA,0xBCE7,0x9CC6,0xE609,0x9BE4,0xF64A,0x7B83,0xFEA7,0xBD2C,0x01C5,0x0185,0x00C4,0x00C3,0x0125,0x00E4,0x0104,0x0105,0x0146,0x0105,0x00E4,0x0125,0x00C4,0x0105,0x0105,0x00A4,0x01A7,0x01A6,0x02CB,0x0145,0x01A6,0x01C6,0x0124,0x0124,0x0125,0x01E7,0x0186,0x0166,0x0208,0x0207,0x0207,0x01E7,0x0228,0x0228,0x0228,0x01C7,0x0145,0x0229,0x01A6,0x01E7,0x0228,0x01A6,0x0185,0x01E7,0x0207,0x0228,0x0248,0x0248,0x0207,0x0207,0x01C7,0x0208,0x01A6,0x0208,0x01E7,0x01E7,0x01E7,0x0207,0x01E7,0x0208,0x0185,0x01A6,0x01A6,0x0185,0x01E7,0x0166,0x0229,0x01A7,0x0125,0x1A49,0x1208,0x09E8,0x11E8,0x19E8,0x11E8,0x11A7,0x19E8,0x1A08,0x01A7,0x0166,0x11A6,0x1985,0xF6F6,0x09C6,0x1228,0x1A08,0x11A7,0x1187,0x1187,0x11A7,0x0186,0x0083,0x0124,0x0125,0x1228,0x19E8,0x00A3,0x0083,0x0125,0x0166,0x0166,0x1187,0x0966,0x0125,0x00E4,0x0966,0x11A7,0x0083,0x0104,0x00E4,0x0966,0x0966,0x0966,0x0145,0x0145,0x0186,0x0185,0x19E7,0x22CB,
0xFECA,0x9C07,0x94AA,0xEE0B,0xFE6C,0xDD89,0x9C05,0xE5EA,0xFEAB,0x0185,0x0145,0x01E9,0x00C4,0x00C3,0x01E7,0x0144,0x0165,0x11C7,0x1228,0x0145,0x0165,0x01C6,0x01E7,0x326A,0x01C6,0x0144,0x0185,0x2AAA,0x2A6A,0x01C7,0x01E7,0x0104,0x0105,0x0145,0x01A7,0x01C8,0x0166,0x0186,0x0228,0x0248,0x0248,0x01E7,0x0228,0x0227,0x0186,0x01A6,0x0228,0x01E6,0x01E7,0x0208,0x01E7,0x01E7,0x0207,0x01E6,0x01C7,0x0207,0x0207,0x0207,0x0228,0x0207,0x0228,0x0208,0x01C8,0x0249,0x01C7,0x0228,0x01C7,0x0185,0x01C7,0x01C7,0x01A6,0x01E7,0x01C6,0x0144,0x0144,0x0125,0x01A6,0x0125,0x0105,0x0125,0x00C2,0x01A6,0x0A28,0x2229,0x11A7,0x1228,0x1228,0x1248,0x1248,0x1248,0x32EB,0xAD32,0x2248,0x0247,0x0A29,0x2289,0x0227,0x0207,0x0145,0x01A6,0x09E7,0x01C6,0x09A7,0x01E7,0x01A6,0x01C7,0x09C7,0x0186,0x0164,0x0164,0x0165,0x01E7,0x0A68,0x01C6,0x01E6,0x0185,0x0185,0x01E6,0x01C6,0x01C6,0x1207,0x1A08,0x3269,0x5B6C,0x538D,0x6C4F,0x84F2,0x5BAE,
0xFEC8,0x62A3,0x7385,0xFEAE,0xFE6C,0xB463,0x7325,0xCD29,0xF62A,0x01E6,0x0247,0x0145,0x0105,0x0229,0x0249,0x0207,0x0124,0x328B,0x2228,0x0186,0x01E7,0x01A6,0x1A6A,0x4AEB,0x2A48,0x0208,0x00E3,0x1248,0x2A8A,0x0187,0x1208,0x2229,0x0124,0x0125,0x00C3,0x0104,0x0104,0x0124,0x01A6,0x0208,0x0228,0x01C7,0x01C7,0x01E7,0x01C7,0x01C7,0x0248,0x0228,0x01E7,0x0228,0x0228,0x0207,0x01E7,0x0228,0x0207,0x0228,0x0228,0x0248,0x0248,0x0207,0x0228,0x01E8,0x0229,0x0228,0x0248,0x01E7,0x0228,0x0228,0x0207,0x0208,0x01C7,0x0165,0x01E7,0x0185,0x0145,0x0208,0x0125,0x0125,0x01C7,0x0104,0x0145,0x0145,0x0208,0x0124,0x85B6,0x9638,0x9E58,0xA699,0xA678,0x9E58,0x8DD6,0x42E9,0x9E36,0x7DF6,0x6D75,0x85F6,0xA678,0x9E37,0x9616,0xA678,0x9616,0x9E99,0x9698,0x9637,0xAE78,0xA658,0xA677,0xAE98,0xB6D9,0xAE98,0xAE98,0xBEF9,0xA697,0xAEB8,0xBE98,0xBE98,0xBEB8,0xBE98,0xBE78,0xBEB8,0xCED8,0xCEB7,0xCED8,0xCED6,0xCE96,0xDF18,0xD6B7,0x8C91,
0xFEAA,0x7304,0x3AA5,0xC4E8,0xFE4B,0xFE28,0x8BE9,0x2A03,0xCDEB,0x8489,0x0287,0x02A8,0x00E2,0x1AEB,0x2A89,0x1249,0x01A5,0x42CA,0x2A89,0x0165,0x12A9,0x0207,0x3B2B,0x11E8,0x1A49,0x3AAA,0x01C8,0x0269,0x09E7,0x01A7,0x0248,0x21E7,0x00E4,0x2AA9,0x0186,0x0104,0x0124,0x0103,0x0105,0x0124,0x0208,0x01E6,0x0185,0x01A6,0x0186,0x0186,0x01C7,0x0165,0x01E7,0x01A6,0x01A6,0x0207,0x0208,0x0248,0x01E7,0x0228,0x0228,0x0228,0x0186,0x0207,0x0228,0x0228,0x0228,0x0228,0x01E7,0x01C7,0x0209,0x0186,0x01E7,0x01A6,0x0186,0x0165,0x01C7,0x0186,0x0227,0x0207,0x0207,0x01C6,0x01A6,0x01A6,0x0247,0x02EA,0x5492,0x5C72,0x5451,0x5CD2,0x7DB5,0x9E77,0xAE97,0xA677,0x9E57,0x1A08,0x95F5,0xA678,0x9E36,0x9616,0x1268,0x95F6,0x85D5,0xBEB8,0xAE97,0xAE98,0xAE99,0xA678,0xA678,0xAEB9,0xAEB8,0xB6D8,0xAEB8,0xB6B8,0xB677,0xBE98,0xBEB8,0xBEB8,0xC697,0xC6D8,0xC6D9,0xC6B7,0xC6B7,0xCED8,0xD6F9,0xC676,0xC697,0x8510,0x74EF,0xE718,0xDED8,0x7B8C,
0xFE4B,0x72C4,0x42E4,0x9C08,0xFE2B,0xFEAD,0x8407,0x3AE8,0xC5AA,0x948B,0x63CA,0x01A6,0x0267,0x1267,0x2A8A,0x22AA,0x0268,0x4ACB,0x1A28,0x2A6A,0x01E7,0x0185,0x63AD,0x1A29,0x11E8,0x42CA,0x3A8A,0x01E7,0x0185,0x4B0A,0x1289,0x11A6,0x0209,0x4269,0x3228,0x0A69,0x0166,0x0186,0x0166,0x2A8A,0x0208,0x01A5,0x01C6,0x0208,0x01C7,0x01C7,0x01A6,0x01C7,0x0208,0x01C7,0x01A6,0x01C7,0x0185,0x0164,0x01E7,0x0207,0x01A6,0x01A6,0x01C7,0x0185,0x0228,0x0248,0x0125,0x334D,0x0207,0x0185,0x232A,0x8594,0x8DB5,0xA657,0x95F5,0x9636,0x9E98,0xA6D9,0xB698,0xB6B8,0xAE98,0xA677,0x9E98,0x9E58,0xA697,0xAEB8,0x8E15,0x9E97,0x9E77,0x9E77,0xA677,0xB698,0xB6B8,0xB6D8,0xA698,0x1A69,0x538C,0x8DD5,0xA677,0x7533,0x330C,0x0145,0x1A69,0xA656,0x9E37,0xA658,0xA678,0xA678,0xA697,0xAE97,0xB6B8,0xAE99,0xAE98,0xA658,0xBEB8,0xB697,0xBE98,0xBE98,0xBEB8,0xBE97,0xBEF9,0xC6B7,0xCED8,0xC698,0xCEB7,0xCEF7,0xC6B6,0xD6B8,0xDE97,0xDEF7,0xD6D7,0xFF18,
0xFE4A,0x6B04,0x5A83,0xC526,0xFE89,0xFE88,0xE589,0x6BA8,0xACAA,0xA48B,0xA54C,0x0227,0x0246,0x0123,0x11A7,0x01E7,0x0A28,0x21A6,0x42EC,0x2249,0x19C7,0x11A5,0x2268,0x1A68,0x2268,0x3A88,0x532A,0x01A7,0x2AAA,0x5B4A,0x32CA,0x0145,0x2269,0x1A07,0x1A68,0x11C6,0x32CA,0x0165,0x01A6,0x01C5,0x32EB,0x0228,0x0249,0x0207,0x0104,0x0207,0x01E7,0x0208,0x0165,0x0125,0x0144,0x01A6,0x0144,0x0125,0x0125,0x0144,0x01A6,0x0124,0x0166,0x0145,0x0186,0x01A5,0x01E7,0x1AAA,0x01E7,0x0209,0x232B,0x1A89,0x74D3,0x540E,0x95F6,0x6D12,0x8DD6,0xA678,0xA677,0xAE98,0xA677,0xA677,0xA698,0xA677,0xA698,0xA677,0xB697,0xBEB8,0xB697,0xB697,0xB697,0xC6B8,0xB6B8,0xAE98,0xA697,0xA698,0x3AA9,0x536C,0x3A89,0x00C2,0x32EA,0x0103,0x7E16,0x9E78,0xA658,0xA658,0xAE99,0xA678,0x9E37,0xAE78,0xA677,0xAE98,0xAEB8,0xAE78,0xBE98,0xBED8,0xA697,0xAE98,0xAE77,0xB677,0xB697,0xCED8,0xCEB8,0xCED8,0xCED8,0xC6B7,0xD6B7,0xDED7,0xE6F8,0xDED7,0xAD93,0xFF38,
0xFE28,0x6B03,0x6AE5,0xD568,0xFE89,0xFE88,0xFE8A,0x7BE8,0x9C68,0xA4AA,0xD5AB,0x0266,0x0225,0x0288,0x0A48,0x2A29,0x326A,0x2A08,0x19C6,0x0966,0x1105,0x3AEA,0x1A27,0x2268,0x22A9,0x2AEA,0x42C9,0x11E8,0x2A8A,0x536D,0x3AA9,0x3B0B,0x1208,0x11E7,0x32EB,0x2268,0x2ACA,0x0166,0x0124,0x01A5,0x1A89,0x0208,0x7E17,0x9658,0x8E77,0x8EB8,0x8E37,0x8E57,0x9678,0x85F6,0x8E16,0x9E57,0x9E78,0x8E78,0x8E36,0xB698,0xA677,0xA677,0x9636,0xBEB9,0xAE78,0xAEB7,0x9E77,0xAEB7,0xAE97,0x9E57,0xAE78,0xA637,0x9E58,0x9E77,0x9E78,0x9E78,0xA698,0xAE78,0xAE98,0xAE98,0x9E36,0xA677,0xAE98,0xA677,0xAE98,0xAE98,0xAE76,0xAE76,0xB697,0xB697,0xAE77,0xA677,0xBED8,0xBE97,0xB697,0xAE56,0x9E79,0x2B2C,0x228A,0x2AAB,0x0166,0x09C7,0x9657,0x8E36,0x9637,0x9E37,0xA678,0x9E37,0xAE78,0xAE78,0xAE77,0xAE98,0xA677,0xA677,0xBEB8,0xB6B7,0xAE98,0xA677,0xB6B8,0xAE77,0xB6B8,0xBE56,0xC677,0xC677,0xC697,0xC697,0xCE97,0xD696,0xDED8,0xCEB8,0x6329,0xFF58,
0xF609,0x8343,0x93E7,0xBD09,0xFE4A,0xFE8A,0xFE08,0x9409,0x73E7,0xA46A,0xDDEC,0x5BCD,0x0163,0x0226,0x0287,0x01E5,0x3249,0x3249,0x2A08,0x08E4,0x2AAA,0x32EA,0x2AA9,0x32AA,0x3269,0x2249,0x3269,0x0185,0x2289,0x2288,0x01A5,0x32AA,0x432C,0x0186,0x2A89,0x4289,0x3A69,0x4B4C,0x0186,0x0208,0x3A8A,0x4AAA,0x638E,0x9678,0xA698,0x9E98,0xA657,0x8616,0x9678,0x9678,0x9E78,0x9E78,0x9E78,0x9657,0x9E78,0x9E57,0x9E77,0x9E78,0x9658,0x9E78,0xA698,0xA6B9,0x9E77,0xAE56,0xAE98,0x9E78,0xA699,0xA657,0xA678,0xA677,0xA657,0x9E57,0x8E59,0x9552,0xA697,0xAE77,0xA657,0xAE98,0x9E77,0x9E57,0xAE97,0xAE98,0xAE98,0xA656,0x9E36,0x9637,0xAE98,0xA677,0xA656,0xA698,0xA698,0x9657,0xA698,0x9E98,0x8E16,0x8E37,0x8E37,0x9657,0x9637,0x9637,0x9E78,0x8E16,0x9657,0x9E77,0xAE77,0xA698,0x9E78,0xA657,0xAE78,0xA657,0xAE36,0xAE36,0xAE57,0xAE57,0xAE77,0xB698,0xAE57,0xB677,0xBE76,0xBE76,0xC677,0xBE77,0xC697,0xD6B7,0xC697,0xCF18,0xFF38,0xFF58,
0xF5EA,0xB4E9,0xACEB,0xBCEA,0xF609,0xFE8A,0xFE28,0x8387,0x848A,0xAC8A,0xC50A,0x846B,0x01E4,0x0246,0x0246,0x1B0A,0x2269,0x3A69,0x42AA,0x1125,0x2AAB,0x1A48,0x3B0B,0x3AEB,0x42EB,0x3ACB,0x42CB,0x4B8C,0x3B2C,0x32CB,0x2A89,0x32CA,0x3289,0x42A9,0x01A5,0x0227,0x0206,0x1B0A,0x0289,0x234D,0x7513,0x8E37,0x7636,0x6E36,0x9637,0x9637,0x9616,0x9657,0x8E57,0x9657,0x9637,0x9E78,0x9E78,0x9657,0x9E78,0x9E58,0x9637,0x8E78,0x7DF7,0x9657,0x9E78,0x9698,0x8677,0xAE77,0xA657,0x9637,0x9E58,0x9E37,0xA698,0xA657,0x9E16,0x9E57,0x8658,0xA635,0x9616,0xB698,0x9E98,0x9637,0x9E58,0x9E38,0x9E57,0xA678,0xA698,0x9657,0x8E16,0x9E37,0xA678,0x9E57,0xA657,0x9E36,0x9E57,0x7616,0x7616,0x8E77,0x8657,0x8617,0x8637,0x9E78,0x9657,0x9637,0x9637,0x8E37,0x8637,0x8616,0x8E37,0x8E57,0x8657,0x9E78,0x9658,0x9637,0x9E57,0x9637,0xAE98,0xA677,0xA636,0xA616,0xAE36,0x3AE9,0xB636,0xCED8,0xCEF8,0xBE55,0xC677,0xD698,0xD6D8,0xCEF7,0xFF56,0xFF78,
0xF62B,0xE5C9,0xB529,0xB489,0xEE0A,0xEE2B,0xF609,0x6AE0,0x6BC6,0x9C49,0xA4AB,0x5B4A,0xA4AB,0x0205,0x0226,0x0287,0x0288,0x09E6,0x1A69,0x4B2D,0x3A8A,0x3ACB,0x538E,0x3269,0x3ACA,0x4AEB,0x3228,0x4B8C,0x0A07,0x32EB,0x2ACA,0x0144,0x332B,0x4B4C,0x4B4C,0x3B8D,0x7D74,0x9678,0x7DD6,0x9E79,0x8E57,0x8637,0x8637,0x8E17,0x8E37,0x8637,0xA6B9,0x9657,0x8E37,0x8E57,0x8E37,0x8E78,0x9678,0x8637,0x8E77,0x8E78,0x8E57,0x8E58,0x6618,0x7638,0x8E57,0x8E17,0x8617,0x7E17,0x8E57,0x8616,0x8637,0x75F6,0x7617,0x75F6,0x8658,0x8638,0x7E17,0x8658,0x7DF7,0x8E79,0x8E58,0x8E38,0x8E58,0x8638,0x8617,0x8637,0x8E37,0x8617,0x8637,0x8617,0x8E36,0x9636,0x8637,0x8657,0x8E57,0x8637,0x7E18,0x8678,0x7657,0x8657,0x6E17,0x8638,0x8618,0x75F6,0x8E78,0x8E17,0x9658,0x8E37,0x9E57,0x95D5,0x2A88,0x5BCD,0x9512,0xADB4,0xDED8,0xDEF9,0xC6B6,0xCF17,0xB6D8,0x8595,0x75D6,0x7617,0x4D56,0x4555,0x7DB6,0x8DF5,0x9E38,0x6D74,0x6DF7,0x5B8A,0xFF37,0xFF58,
0xE5CA,0xF60B,0xEE0C,0xC509,0xF5EB,0xF60A,0xF5E8,0xF66C,0x83A7,0x29C2,0x9CAB,0x32E6,0x8C6A,0x7C0B,0x0265,0x0226,0x02C8,0x02A7,0x02C8,0x0164,0x6D75,0x85F7,0x7E16,0x8637,0x9679,0x9E99,0x9678,0xA6B8,0x9636,0x8E57,0xA6FA,0x8637,0x8E58,0x9658,0x8678,0x9E58,0xA678,0x9698,0x8E58,0x8658,0x9678,0x8616,0x8636,0x85D6,0x9657,0x9678,0x8E78,0x7E17,0x6DF6,0x7E57,0x75F6,0x75F6,0x7E17,0x7E37,0x6E58,0x8E58,0x6DF7,0x6639,0x5DF8,0x5E58,0x7679,0x65F8,0x5E18,0x65F7,0x65F7,0x5D75,0x7E17,0x7618,0x7639,0x5DD7,0x55B6,0x5DD6,0x65F7,0x65F7,0x6DF7,0x6DD6,0x65F7,0x7659,0x75D7,0x8658,0x75F7,0x75D7,0x6DB6,0x7616,0x75F7,0x75D6,0x85F6,0x85F7,0x6DD6,0x7E38,0x7618,0x6DF6,0x4DF7,0x6617,0x65F6,0x6E57,0x5DD6,0x75F8,0x6D14,0x6533,0x2B4B,0x7512,0xBEB8,0xCED8,0xD6B8,0xCED9,0xC6B8,0xCED8,0xDF39,0xDED7,0xD717,0xC6B6,0xADB2,0x7BAA,0xB636,0xAE37,0x12CA,0x0269,0x0289,0x032B,0x04F4,0x1D55,0x0432,0x6534,0x6C2F,0xF759,0xFF38,0xFF58,
0xD528,0xE5CB,0xEE0F,0xCDAD,0xE5CB,0xE588,0xE5C9,0xE5A9,0xA449,0x3A87,0x9C89,0x5BC5,0x42C5,0x8C8C,0xD5AA,0x0286,0x02C8,0x02A7,0x02E8,0x0267,0x0248,0x9E37,0x8E37,0x8E38,0xA6BA,0x8E37,0x8E57,0x8637,0x85F6,0x9657,0x8E16,0x7DF6,0x7DF7,0x8E38,0x7E58,0x9678,0x9E98,0x7E58,0x7E58,0x8E99,0x8E99,0x8678,0x7617,0x8E38,0x8E78,0x8658,0x7658,0x6617,0x5DD6,0x6E38,0x5DF6,0x5DD6,0x65F6,0x55D6,0x4DD6,0x65D7,0x5E18,0x4DB8,0x4597,0x4DD7,0x6639,0x55F8,0x4DD8,0x4DD8,0x5E18,0x4DD7,0x55F8,0x45B7,0x3D77,0x4DB7,0x55F8,0x55F8,0x4DD7,0x5DF8,0x5DD7,0x7659,0x55F8,0x4DF8,0x5DF7,0x55B7,0x5DD7,0x65F7,0x4D96,0x5DD6,0x6619,0x65D7,0x6DD7,0x75D7,0x55B6,0x5596,0x5DF7,0x4E18,0x2D97,0x4DD6,0x4C91,0x7431,0xA5F6,0xBE97,0xBE96,0xAE56,0xB697,0xB6D8,0xB676,0xA5D4,0xAE97,0x9617,0x75B5,0x5D75,0x5DB7,0x7E38,0x73AC,0xACD1,0xF717,0xE6B6,0x32A8,0x0A06,0x01C5,0x02EA,0x0165,0x5554,0x4C11,0x0AEA,0x0515,0x03B0,0x540F,0xFF57,0xFF39,0xFF58,
0xCD49,0xD56A,0xCD07,0xD54A,0xE5AA,0xE5AA,0xCCE7,0xD568,0xCD6B,0x6389,0x8BC8,0x8C67,0x7C69,0x4B07,0x7C4A,0xEDEC,0x0248,0x02A6,0x02A8,0x0308,0x01A5,0x01E7,0x8E38,0x85D7,0x9638,0x7E18,0x8637,0x340F,0x6596,0x6D75,0x54B1,0x7618,0x6DD7,0x65B6,0x6DF7,0x7DF7,0x8617,0x7678,0x6595,0x8678,0x6E38,0x75F7,0x6E18,0x7639,0x5E18,0x4DF7,0x6DF7,0x3D96,0x4DF7,0x4DD8,0x45D7,0x35B7,0x35B8,0x4597,0x55B7,0x3577,0x2577,0x1538,0x2578,0x0536,0x2D78,0x1536,0x04F6,0x0536,0x0D57,0x04D5,0x2D77,0x0536,0x2D57,0x0D36,0x2556,0x2D77,0x0536,0x3DD8,0x2D77,0x0537,0x1D36,0x2D97,0x0556,0x05B7,0x1576,0x3597,0x0557,0x3D97,0x55FA,0x028B,0x4D77,0x4DF8,0x1D56,0x4CF4,0x4CB0,0x64B1,0xBEB6,0xC6B8,0xBE97,0xAEB7,0x85D4,0xA697,0xB697,0x9638,0x3D75,0x0577,0x04B4,0x0516,0x0CD4,0x04D4,0x04F6,0x0557,0x0516,0x032E,0xFF57,0xCE13,0x19A3,0x01A4,0x0246,0x01E4,0x0287,0x02A7,0x030B,0x0122,0x5B09,0xC590,0xFF17,0xDE13,0xFF57,0xFF78,0xFF57,0xFF58,
0xB4C9,0xB4C9,0xBCE9,0xB4C8,0xBCC8,0xCD2A,0xCD6A,0xC508,0xCD49,0x8C46,0x8429,0xBD29,0x4B48,0x8CCC,0x6C29,0x8BE9,0xBD8A,0x01E6,0x0226,0x0266,0x02C8,0x01C6,0xA617,0xA657,0x95D5,0x95D6,0x74F2,0x4BCD,0x0185,0x0146,0x0207,0x038C,0x4C4F,0x6CD2,0x6DB6,0x2C0F,0x42EB,0x42EC,0x5D97,0x5597,0x55F7,0x55D7,0x5596,0x3D55,0x3DB6,0x3DB6,0x4DD7,0x3597,0x2577,0x1D77,0x1D77,0x2598,0x0D37,0x1577,0x2598,0x04F6,0x0517,0x04F6,0x0557,0x0537,0x0517,0x0557,0x04D7,0x0517,0x0516,0x04F6,0x0557,0x0516,0x0516,0x04F6,0x04B5,0x0537,0x0495,0x0517,0x0537,0x0455,0x02ED,0x0494,0x04D6,0x032D,0x03B1,0x02CD,0x0125,0x0495,0x028B,0x0125,0x6471,0xAE77,0xB6B7,0xB6B8,0xB6D8,0x9677,0x75B7,0x0474,0x04F5,0x8659,0x5554,0x0412,0x3599,0x0494,0x4D76,0xAE99,0xC6B9,0xCEB8,0xB6D9,0x5E18,0x032D,0xF738,0xF759,0xFF56,0x0287,0x02A7,0x01A4,0x0246,0x01A5,0x0164,0x0185,0x0144,0x0329,0x0164,0x1A28,0x3A67,0xA552,0xF738,0xFF57,0xFF58,0xFF58,0xFF37,
0x83C5,0x9C89,0xA4A9,0x8C27,0x9448,0x9C88,0xA4A9,0xA4AA,0x9C48,0x9429,0x63C9,0xDD8A,0x2A65,0x7C69,0x63A9,0x848A,0x9C89,0xD5AA,0x0183,0x0286,0x02A7,0x0287,0x0164,0x8E36,0x7617,0x75B6,0xB679,0xA678,0xBEB8,0xC6D8,0xBEB8,0xBED8,0xC6D9,0x9DD4,0x7CB0,0x6C0D,0x1AAA,0x5D54,0x5DF7,0x6E17,0x35D8,0x4DB7,0x4DB7,0x4DD8,0x3577,0x0536,0x2D97,0x1536,0x0516,0x0536,0x0537,0x0517,0x04D6,0x04F6,0x0537,0x04D6,0x04F7,0x0496,0x04D7,0x0475,0x0496,0x04B7,0x04B7,0x0455,0x0415,0x0435,0x03F4,0x0435,0x0416,0x0354,0x0146,0x026B,0x0416,0x0456,0x03F3,0x024B,0xA5B4,0x8CD0,0x52E8,0x438B,0x8DF5,0x228C,0xC696,0xBEB8,0xB656,0xAE56,0xCED7,0xBEB7,0xBEB7,0xBE97,0xAE98,0xCE98,0xBEF8,0xA678,0x4452,0x04B5,0x0475,0x03F3,0x0415,0x0435,0x03D3,0x0473,0x0454,0x0413,0x536C,0xF718,0xFF38,0x436A,0x2226,0x01C3,0x0267,0x01A5,0x034A,0x02A8,0x0369,0x0144,0x0124,0x0124,0x01C7,0x0104,0x43CD,0x0B2B,0x846E,0xFF37,0xFF57,0xFF58,0xFF57,0xFF57,
0x6366,0x73C8,0x842A,0x6BA7,0x73C8,0x6BA8,0x8408,0x7BC7,0x8C08,0x8C4A,0x5B88,0x9C88,0x7448,0x5BC9,0x42E7,0x5347,0x6BC9,0x9449,0xCDAC,0x1AC9,0x0246,0x0266,0x0287,0x03CE,0x5D95,0x8EBA,0xAE78,0xCEFA,0xB6D9,0xAE98,0xBE98,0xBE98,0xBED8,0xA656,0x8DF6,0x9DB6,0xCED8,0xC6B7,0xC6D8,0xB696,0x8DD5,0x6D34,0x4CD3,0x13CF,0x036F,0x2557,0x0557,0x0558,0x04F6,0x0537,0x0495,0x04B5,0x0475,0x0496,0x0496,0x0455,0x0456,0x0435,0x03D4,0x03D5,0x03B4,0x0436,0x03B4,0x03B4,0x0373,0x0394,0x0353,0x0353,0x0353,0x0333,0x02B3,0x0228,0x7BCE,0x53CD,0x430A,0x5B6C,0x6BCD,0x3A88,0xA5B5,0xB677,0xCEB7,0xCE98,0xDED6,0xC6D8,0x5513,0x65F8,0x3DB7,0x038F,0x8EDA,0x6D73,0x9637,0x7E17,0xA698,0x9E15,0xBED9,0xBED9,0x8D54,0x8CF2,0x0269,0x026B,0x02CD,0x028C,0x0330,0x6C32,0xFF37,0xFF57,0xF737,0x3ACA,0x02A9,0x02C9,0x0267,0x0206,0x034B,0x1C0E,0x02E9,0x01A4,0x0124,0x43EF,0x128A,0x0125,0x1248,0x22E9,0xF716,0xFF57,0xFF57,0xFF78,0xFF57,0xFF57,
0x5B67,0x5347,0x5368,0x5B68,0x6368,0x5B06,0x6367,0x6387,0x5B67,0x63EA,0x4AE6,0x844A,0x8428,0x2AA6,0x3B28,0x4309,0x5326,0x5B27,0x9CC7,0xA4EA,0x01C4,0x0206,0x0227,0x01E6,0x0228,0x2D34,0x55B8,0x7DD7,0xAED9,0x7D96,0x9595,0x2D15,0x4575,0xA678,0xB6B9,0xA696,0x95F5,0x9E97,0x7E16,0xB6D9,0x9E57,0x7D34,0xC718,0x9E38,0x9E56,0x8DF6,0xB656,0xAED9,0xBE98,0xAE99,0xA639,0x7D95,0x64F3,0x030E,0x030F,0x0371,0x0374,0x0394,0x0374,0x03D5,0x03F4,0x03B4,0x0393,0x03F5,0x0354,0x0313,0x0374,0x03D5,0x0374,0x02B2,0x02B2,0x02B2,0x028E,0x5B49,0x536C,0x648F,0xCEB7,0xBE96,0xA697,0x95D6,0xA6B9,0x8E17,0x9E58,0xAE98,0xC677,0xCED8,0xC6B7,0x234E,0x3D17,0x02B0,0x024F,0x4D15,0x032E,0x02CF,0x03AF,0x0CD4,0x2CD4,0x2D35,0x3536,0x34F8,0x02CE,0x0230,0x024E,0xEF39,0xFF58,0xFF37,0xBDD2,0x036C,0x036B,0x02C8,0x23ED,0x238B,0x0104,0x0227,0x0165,0x0227,0x4C0E,0x0144,0x4BCD,0x0A28,0x5BCD,0xF75A,0xFF37,0xFF57,0xFF57,0xFF78,0xFF37,0xFF58,
0x5327,0x5326,0x4306,0x4B47,0x5B89,0x4B27,0x4327,0x4327,0x42E7,0x32A6,0x3288,0x5327,0x6BC9,0x01A3,0x4B47,0x19C4,0x2AA6,0x3AA6,0x5307,0x7C29,0x3B07,0x01E6,0x0228,0x0227,0x0227,0x0207,0x134C,0x34B4,0x45B8,0x0415,0x04B4,0x96B9,0x6DB5,0x6DD7,0x7637,0x8E38,0x8E37,0x4D55,0x4D16,0x6DF8,0x9ED8,0x5CF3,0x8E17,0x9679,0x5D97,0x9F1C,0x5DD8,0xAE98,0x75F8,0x5596,0x9699,0x85D5,0xA6B9,0xC6B9,0xC6F9,0xB6D8,0x640F,0x9553,0x9637,0xA615,0xDF18,0xD6F7,0xBED7,0xA615,0xCEB8,0xCEB8,0xB697,0xC697,0xC6B8,0x4C2F,0x95D6,0xBE77,0xB6B6,0xAE97,0xA657,0x6CF5,0x7DD7,0x5597,0x03CF,0x25D8,0x0475,0x0330,0x04B4,0x0534,0x5DB9,0x4D14,0x7E38,0x2BCE,0x348E,0x7578,0x0145,0x1D78,0x0332,0x028E,0x024F,0x01ED,0x01CC,0x02EF,0x02F0,0x018C,0xC696,0xFF58,0xFF78,0xFF57,0xDEF8,0x032B,0x0269,0x01A5,0x0269,0x0207,0x0104,0x00C3,0x0185,0x0B6C,0x3B8C,0x0104,0x440D,0x0248,0x130A,0x536C,0xFF38,0xFF37,0xFF37,0xFF57,0xFF58,0xFF58,0xFF37,0xFF37,
0x5B89,0x4B07,0x4B48,0x4B27,0x3AE7,0x3B08,0x32C7,0x32E7,0x4307,0x4307,0x2AA6,0x3308,0x4B68,0x3309,0x2265,0x1A07,0x01C3,0x1A46,0x2265,0x4307,0x5326,0x0162,0x0207,0x0227,0x01E5,0x01E6,0x01A5,0x0207,0x0165,0x0164,0x0227,0x030C,0x5DD6,0x8637,0x3D14,0x0472,0x5D15,0x0332,0x2CB4,0x9659,0x2D36,0x8E16,0x2CF4,0x02CE,0x23F3,0x2433,0x25B8,0x7D96,0xB6BA,0x5493,0x9638,0x3C31,0x03B0,0x03D2,0x2452,0xB6B8,0x2C31,0x0310,0x0453,0x02AD,0x024D,0x02AC,0x8511,0x8D32,0xBEB8,0x9657,0x8E38,0x75F7,0x6DB5,0xB6D8,0xC6D9,0xAE15,0xB698,0xC6B8,0xCED8,0xD698,0xAE76,0x134D,0x0411,0x4596,0x03D1,0x028D,0x0434,0x024C,0x02EE,0x0412,0x0125,0x0225,0x0225,0x02CA,0x02EB,0x0165,0x0104,0x020B,0x03D3,0x1476,0xA5D6,0xEF79,0x5B8F,0xCE16,0xFF38,0xFF58,0xFF58,0xFF57,0x01E7,0x0289,0x038D,0x0227,0x0165,0x01A6,0x01A6,0x0269,0x3BEF,0x4CB1,0x0247,0x0A67,0x2B6D,0x2BCE,0x43ED,0xAD31,0xFF37,0xFF57,0xFF37,0xFF58,0xFF37,0xFF57,0xFF58,0xFF37,
0x52E8,0x5B4A,0x3AA6,0x4B08,0x32C7,0x32C7,0x32C7,0x2AA6,0x3AC6,0x3AA6,0x2AA7,0x1A67,0x3287,0x3308,0x11E4,0x22C7,0x0164,0x0144,0x1A67,0x1A45,0x32C6,0x2AC6,0x0206,0x01E4,0x0185,0x01E6,0x01E6,0x01E7,0x01E7,0x0207,0x0228,0x0248,0x02ED,0x0351,0x03B5,0x026F,0x026F,0x03D3,0x0413,0x0515,0x3DB7,0x0311,0x01AC,0x018B,0x0496,0x032E,0x4CF5,0x022B,0x1CF7,0x2414,0x03F1,0x01C9,0x1472,0xAE56,0xA656,0xB657,0xAE16,0xB6D7,0x9615,0x55B4,0x6575,0x65D6,0x2DB5,0x5D76,0x5DD8,0x4DD7,0x4DB8,0x45B7,0x45B7,0x4D56,0x7659,0x4D55,0x75D7,0x96B9,0x2476,0x028E,0xBF1A,0xC6B7,0xC6D6,0xB6B5,0xB697,0x7D13,0x01A7,0x5577,0x3D99,0x028D,0x0146,0x0267,0x0226,0x0289,0x02A9,0x0164,0x0123,0x0287,0x4309,0xF758,0xFF37,0xFF59,0xFF79,0xFF57,0xFF78,0xFF37,0xFF37,0xFF37,0x01A5,0x238D,0x0186,0x0248,0x0249,0x0145,0x00E3,0x4C6F,0x440F,0x336C,0x0145,0x0146,0x1269,0x0207,0x848F,0xFF57,0xFF37,0xFF37,0xFF37,0xFF57,0xFF58,0xFF58,0xFF58,0xFF58,
0xFF78,0xFF77,0xFF78,0xFF57,0xF737,0xDE52,0xF6F4,0xFF15,0x942B,0xD611,0xA489,0x2A45,0x42C8,0x32A7,0x11C6,0x3AA7,0x2247,0x1A68,0x1206,0x1226,0x1226,0x3AC6,0x2286,0x22A7,0x3368,0x0185,0x01C5,0x01C5,0x01E6,0x01E6,0x01E6,0x0207,0x0206,0x01C5,0x8635,0xCF19,0xD71A,0x7491,0x95D5,0xD6B7,0xD6D8,0xCED8,0xCEF9,0xDED9,0xCEB8,0xCED8,0xD719,0xCE96,0xCEB8,0xC698,0xBEB8,0xB6B8,0x9616,0x7DD6,0x4D15,0x5D96,0x5575,0x6576,0x6574,0x9E78,0xBE36,0xD6D8,0xDEF8,0xAE77,0xD6F9,0x9575,0x2C51,0x3CB5,0x022E,0x01ED,0x1CF5,0x4597,0x1CF3,0x0492,0x24F3,0x34B4,0x01EB,0x0414,0x2C11,0x0370,0x4472,0x8658,0x9698,0x6DF6,0x4D33,0x03AD,0x0205,0x0205,0x032A,0x0268,0x0248,0x0185,0x0103,0x00E3,0x1205,0xF6F7,0xFF57,0xFF58,0xFF58,0xFF58,0xFF58,0xFF57,0xFF37,0xFF16,0x01A8,0x03CD,0x01A6,0x01A6,0x0124,0x01C6,0x442F,0x542F,0x5C90,0x1A89,0x336D,0x0124,0x0248,0xC5B2,0xFF36,0xFF37,0xFF57,0xFF37,0xFF37,0xFF37,0xFF57,0xFF57,0xFF78,0xFF58,
0xFF78,0xFF78,0xFF79,0xFF77,0xFF58,0xFF79,0xFF58,0xFF58,0xFF79,0xFF79,0xFF79,0xFF58,0xCDED,0xBD8F,0x29C1,0xCDF2,0x3A46,0x32A8,0x2246,0x2288,0x1266,0x2A86,0x42E7,0x1184,0x0A04,0x32E6,0x01C4,0x01E6,0x01C6,0x01E6,0x01E6,0x01E6,0x01E6,0x0206,0x01C6,0x0207,0x0208,0x0289,0x0206,0xBE97,0xBEB9,0xC6D9,0xB6F8,0xCEF9,0xCF5A,0xC719,0xBEB8,0x95B5,0x9657,0xA6D8,0xB6FA,0x8638,0x028B,0x0350,0x3D98,0x3D98,0x3DB6,0x35B7,0x4DB6,0xD6D7,0xFF79,0x2B4D,0xB614,0x0121,0x8E37,0x9E58,0x8574,0x9E38,0x4BD0,0x022E,0x012C,0x01EC,0x2598,0x0390,0x04D5,0x020D,0x4597,0x4D76,0x018A,0x03D4,0x0392,0x00E9,0x02CD,0x034F,0x01E9,0x0228,0x01E6,0x01C6,0x0165,0x136D,0x0228,0x0144,0x0186,0x0104,0x0103,0x63AC,0xCDF2,0xFF58,0xFF58,0xFF78,0xFF58,0xFF57,0xFF78,0xFF58,0xCE76,0x0123,0x01A6,0x0228,0x0164,0x0123,0x4C2F,0x4C91,0x5C70,0x01A5,0x01E7,0x4BAC,0xD677,0xFF57,0xFF37,0xFF57,0xFF58,0xFF57,0xFF58,0xFF57,0xFF57,0xFF77,0xFF57,0xF737,
0xFF78,0xFF99,0xFF58,0xFF59,0xFF78,0xFF79,0xFF79,0xFF78,0xFF79,0xFF99,0xFF79,0xFF79,0xFF79,0xFF9A,0xFF78,0xFF79,0xFF78,0xFF55,0x52C6,0x1982,0x2A26,0x2266,0x3AC7,0x2B06,0x1A23,0x0205,0x2AC5,0x2A27,0x01C6,0x0206,0x01E6,0x01E6,0x01E6,0x0206,0x0206,0x01C6,0x0206,0x01E6,0x0226,0x0206,0x2493,0x3578,0x0433,0x5535,0x6E18,0x7596,0x24F4,0x032F,0x2454,0x018D,0x0392,0x2D57,0x3D96,0x4DD6,0x02CD,0x0435,0x014A,0x3BCF,0xFF38,0xFF78,0xFF78,0xFF77,0xFF78,0xFF58,0x9D11,0x3AC8,0x0CF4,0x4535,0x3CF5,0x85F7,0x9638,0x7514,0x0169,0x012C,0x01EE,0x03B3,0x032F,0x0495,0x02F0,0x02ED,0x01A7,0x01A5,0x0206,0x0144,0x01C6,0x0227,0x01C5,0x00C2,0x0145,0x2B6D,0x2B4D,0x0104,0x01C7,0x0104,0x0082,0x01E7,0x11E3,0xACEE,0xFF57,0xFF77,0xEED7,0xFF37,0xFF37,0xFF58,0xFF58,0xA4F1,0x0124,0x00E3,0x0125,0x5451,0x3C0E,0x338B,0x224A,0x0146,0x53ED,0xFF39,0xFF58,0xFF38,0xFF58,0xFF58,0xFF57,0xFF57,0xFF58,0xFF57,0xFF57,0xFF58,0xFF58,0xFF57,
0xFF99,0xFF79,0x2A46,0xAE57,0x4BCC,0xFF78,0xFF79,0xDDF3,0xFF78,0xFF99,0xFF79,0xFF79,0xFF79,0xFF9A,0xFF79,0xFF99,0xFF79,0xFF79,0xFF79,0xFF79,0xFF79,0xF717,0xA4AD,0xE6B5,0x93E8,0x22A8,0x2A27,0x3307,0x5367,0x02E9,0x01A5,0x0185,0x0206,0x0206,0x0206,0x01C6,0x01E6,0x0206,0x0226,0x01A1,0x1A67,0x0165,0x4287,0xFF7A,0x4289,0x020A,0x5D99,0x55D7,0x65D7,0x13AE,0x0311,0x020D,0x01AB,0x536D,0xFF99,0xFF58,0xFF79,0xFF78,0xFF78,0xF717,0xFF7A,0xEE35,0xFF58,0xFF98,0xFF36,0x94AE,0x03D1,0x01EB,0x6598,0x7D53,0xF6F6,0xC614,0x4CD4,0x034E,0x3D96,0x3577,0x4DB7,0x5D98,0x0556,0x0269,0x01A7,0x02CA,0x03AD,0x01A4,0x02A8,0x0289,0x3BAE,0x340D,0x0124,0x228A,0x0145,0x01E7,0x0165,0x0104,0x00E3,0x0146,0x0B8B,0x42EA,0x8C8F,0xD657,0xCD94,0xFF59,0xFF58,0xFF57,0xFF59,0xFF57,0xE696,0xF717,0x4B2B,0x01A6,0x0166,0x440F,0x0249,0x21E6,0xFF78,0xFF59,0xFF58,0xFF59,0xFF58,0xFF58,0xFF58,0xFF78,0xFF78,0xFF58,0xFF58,0xFF78,0xFF58,0xFF37,
0xFF7A,0x544F,0x65D7,0x65D6,0x4C51,0x6C4D,0xD634,0xD697,0xB594,0xFF78,0xFF79,0xFF9A,0xFF99,0xFF99,0xFF78,0xFF79,0xFF79,0xFF79,0xFF79,0xFF79,0xFF79,0xFF78,0xFF58,0xFF79,0xFF57,0xD633,0x736A,0x7BE9,0x3203,0x3B09,0x01C6,0x0208,0x1246,0x0206,0x0206,0x01A5,0x7C4D,0x742B,0xA570,0xF717,0xEF38,0xFF79,0xEF59,0xE739,0xBDF3,0xFEF6,0xEED7,0xD677,0xEEF9,0xFF57,0xD6B9,0x63EE,0xFF58,0xFF57,0xFF79,0xBD30,0x632B,0xA554,0xDED6,0xA4CF,0x73EE,0xBE16,0xFF77,0xFF58,0xFF77,0xFF78,0xFF78,0xEEF9,0xFF59,0xFF37,0xFF78,0xFF58,0xF739,0x9CAF,0x45B7,0x5596,0x3DD6,0x1D76,0x3598,0x0473,0x0125,0x33AC,0x01E7,0x0207,0x12AA,0x3C2E,0x4C6F,0x4C6F,0x22CB,0x0166,0x0249,0x02AA,0x438E,0x0104,0x01A6,0x0103,0x01C6,0x3B8D,0x73CC,0xB531,0xFF37,0xDE55,0xFF58,0xFF37,0xFF57,0xFF57,0xFF78,0xFF57,0xDE96,0x0104,0x0964,0x01A6,0x32E9,0xFF39,0xFF58,0xFF58,0xFF58,0xFF58,0xFF58,0xFF58,0xFF58,0xFF78,0xFF57,0xF6D7,0xFF77,0xFF58,0xFF58,0xFF38,
0xBD0E,0x9D73,0x5D95,0x6DF8,0x55D7,0x24B4,0x23B0,0x6DD8,0x7DF7,0x748E,0xA594,0xA699,0x430A,0xCE35,0xCE15,0xFFBB,0xFF79,0xFF79,0xFF79,0xFF79,0xFF79,0xFF79,0xFF58,0xFF99,0xFF79,0xFF78,0xFF76,0xFF79,0xFF79,0xF6F9,0xB5B3,0xAD72,0xCDF3,0xE6B7,0xAE56,0xAE56,0xC6D9,0xB678,0x9658,0x4CF5,0x7534,0xBE98,0x6C4E,0x73AB,0xF739,0xF717,0xDE54,0xFFBA,0xFF57,0xFF99,0xFF58,0xFF99,0xFF59,0x4D55,0x3E39,0x3555,0x6DF7,0x04B3,0x5D75,0xAED8,0xB6D9,0xB696,0xE736,0xFF56,0xFF78,0xFF79,0xFF58,0xFF58,0xFF57,0xFF36,0xFF58,0x9C6E,0xFF78,0xFF77,0xFF78,0x1267,0x028E,0x43CE,0xB5F5,0x01C8,0x0105,0x1B09,0x01A6,0x5C8F,0x542C,0x648F,0x4BEC,0x54B0,0x1A48,0x43CE,0x01E8,0x0208,0x0145,0x0104,0x0104,0x0145,0x00C3,0x0124,0x6B48,0xFF56,0xFF57,0x33CD,0x00A4,0x00E5,0x2A26,0xD633,0xFF78,0xFF58,0xFF59,0xFF57,0xFF78,0xB551,0xFF38,0xFF78,0xFF58,0xFF58,0xFF58,0xFF57,0xFF58,0xFF38,0xFF36,0xD571,0xD571,0xF6D6,0xFF37,0xFF37,0xFF57,0xFF99,
0xFF59,0x53EC,0x65B6,0x5596,0x5DB7,0x5DB7,0x45D7,0x3D96,0x3DD8,0xA699,0x8594,0x8617,0xAE17,0xB6D8,0x6C8F,0xAD95,0xFF79,0xFF79,0xFF79,0xFF79,0xFF79,0xFF79,0xFF78,0xFF58,0xAD73,0x638C,0x4ACB,0xA4D1,0x4D78,0x63EF,0xFF98,0xFF78,0xFF77,0xDE75,0xA4EF,0xCED8,0x4413,0x020C,0x01ED,0x01EB,0x02AE,0x8534,0xCDF2,0xFF79,0xFF78,0xFF79,0xC553,0xEED8,0xB512,0x94F1,0x7D54,0x8CD1,0x638B,0x22AC,0x6D96,0x4D96,0x4DF8,0x0473,0x03B1,0x13CF,0x1C33,0x9574,0xB636,0xACAD,0xFF78,0x63CD,0x03F0,0x8E37,0x5DB5,0x74B0,0x9DD6,0x7554,0x94CF,0xFF16,0xFF57,0xFF38,0xFF58,0xFF58,0xFF38,0xAD92,0x5C4E,0x2289,0x09E8,0x5CCF,0x540E,0x0207,0x1B0B,0x0A28,0x0165,0x09C6,0x01E6,0x01E6,0x0268,0x4C0F,0x0165,0x0124,0x0145,0x1A06,0xFF79,0xEEB4,0x3B2A,0x0208,0x0124,0x0145,0x01A8,0xEE96,0xF759,0x1164,0xBDB4,0xFF57,0x9BEB,0xFF78,0xFF58,0xFF58,0xFF58,0xFF58,0xFF58,0xFF57,0xFF57,0xFF58,0xFF58,0xFF37,0xFF37,0x8C6E,0xAD50,0xCE14,0xFF17,0xFF38,
0xFF57,0xA44C,0x4AEA,0x2CB5,0x5DB8,0x4D56,0x3556,0x4597,0x4597,0x45D8,0xA679,0x3618,0xB6B9,0x7DF5,0x9D33,0xF758,0xFF7A,0xFF79,0xFF58,0xFF78,0xFF79,0xFF79,0xFF58,0xFF79,0x01E5,0x3410,0x0557,0x028A,0x5DD8,0x04D6,0xF77A,0xFF78,0xFF58,0xFF79,0xFF79,0xFF98,0xF739,0xA4B4,0x4B0D,0xF71A,0xFF58,0xFF37,0xC572,0xFF59,0xFF58,0xB677,0x6CF1,0x5430,0xCED9,0xCEF9,0xB6B9,0x0A26,0x6556,0x5597,0x2D56,0x03F1,0x0515,0x2433,0x1C74,0x028D,0x2C97,0x8658,0xD634,0xFF58,0xF738,0x3D77,0x4D56,0x2515,0x8E58,0x9E35,0x5577,0x0228,0xAD51,0xC6B6,0xFF58,0xCD92,0xFF37,0xFF37,0xFF79,0x530A,0x7CF2,0x01C6,0x0146,0x5CAF,0x6490,0x444F,0x0123,0x01E7,0x0167,0x00C4,0x01C7,0x542F,0x3B4B,0x0165,0x00C3,0x0125,0x0145,0x036C,0xFF38,0x7368,0x1B6C,0x0145,0x1289,0x0125,0x00E4,0xFF36,0xCE56,0x09E7,0x0185,0x11C4,0xFF59,0xFF77,0xFF58,0xFF58,0xFF58,0xFF58,0xFF58,0xFF57,0xFF57,0xFF57,0xFF57,0xF717,0x8C6C,0x430A,0x85D6,0x2AA8,0x5309,0xE717,
0xFF78,0xFF18,0xF758,0x9D33,0x14B4,0x3556,0x2577,0x2577,0x1576,0x6E58,0x7E39,0x8659,0x6D96,0xB6DA,0x84F2,0xC5D3,0xFF57,0xFF99,0xFF79,0xFF58,0xFF7A,0xFF79,0xFF99,0xFF78,0x1A68,0x0434,0x04D5,0x55F7,0x4DF8,0x2578,0x4CD2,0x8491,0xD656,0xFF78,0xFF79,0xFF79,0xFF78,0xFF78,0xFF99,0xFF79,0xFF79,0x9C2D,0x6BEC,0x3AE9,0x4B6C,0x740D,0xAEF9,0x7E17,0x24D4,0x4576,0x4DB6,0x5D75,0x55D8,0x0452,0x3D56,0x0371,0x15B8,0x0413,0x01CB,0x024E,0x0372,0x4D32,0xFF37,0xFF37,0xB592,0x0597,0x028D,0x0576,0x4556,0x6D96,0x0370,0x14F5,0x02EC,0x8E78,0x0B0A,0x9C4E,0xFF37,0xDE55,0x32CA,0x542F,0x2B2A,0x01C6,0x0186,0x6471,0x6490,0x5470,0x12CA,0x0165,0x0165,0x01A6,0x436D,0x43CE,0x232C,0x33EE,0x1248,0x43CF,0xDE96,0xFF59,0xFF79,0x448F,0x02EA,0x0185,0x12AA,0x228B,0x2B0B,0xFEF6,0x11E6,0x0184,0xCE14,0xFF58,0xFF58,0xFF78,0xFF58,0xFF58,0xFF57,0xFF57,0xFF57,0xFF57,0xFF37,0xFF58,0xFF5A,0xFF58,0xB510,0x74AF,0x9637,0x8554,0x74D2,0x74F1,
0xFF77,0x6A86,0x53EF,0x04F5,0x3D56,0x3D77,0x3576,0x1D77,0x5597,0x2D55,0x4536,0x5DD7,0x7638,0x7E39,0x0597,0x3289,0xCDF3,0xFF98,0xFF58,0x29E5,0xEF5A,0xFF79,0xFF79,0xFF78,0xD677,0x0372,0x014B,0x45D7,0x0475,0x0557,0x4619,0x02CB,0x8D94,0xFF79,0xFF59,0xFF78,0xBDD3,0xF79A,0xFF77,0xFF79,0xFF79,0xFF56,0xFF77,0x2268,0x4B6E,0x8DB6,0x030D,0x1CF7,0x022C,0x0330,0x0413,0x01AB,0x4D34,0x0C33,0x0149,0x01AB,0x0108,0x01AE,0x010A,0x016C,0x028D,0x361A,0xF758,0xFF57,0xEF39,0x1D98,0x026D,0x35D6,0x13B0,0x132F,0x032F,0x3535,0x01EA,0x2453,0x028B,0x1ACA,0xBE35,0x4BCD,0x644F,0x0A06,0x0207,0x0A07,0x434C,0x53CE,0x09E6,0x5CB1,0x2B0A,0x0207,0x0165,0x0186,0x01E7,0x0145,0x64D1,0x4BEC,0x5C8F,0x7CAF,0xFF38,0xFF79,0xFF78,0x2A87,0x1164,0x4471,0x0AAA,0x0126,0x0104,0xFF37,0x0166,0xFF17,0xFF58,0xFF58,0xFF58,0xFF58,0xFF78,0xFF58,0xF738,0xBD2F,0xE6B4,0xFF57,0xFF16,0xFF37,0xFF38,0xEEB6,0xEEB7,0x4A64,0x4309,0xB699,0x8E57,0x5554,
0x94AF,0x6CF4,0x84B1,0xA5B5,0x03B0,0x4597,0x3556,0x2577,0x3577,0x3576,0x1557,0x2D76,0x4577,0x34F4,0x6492,0x84F1,0x3268,0xEF38,0x9512,0x5B09,0xFF7A,0xFF78,0xFF79,0xFF78,0xFF78,0xB574,0xFFBC,0x04D4,0x014C,0x0495,0x2DD9,0x04D6,0x0390,0x5BD0,0xD6B8,0xFF79,0xCE76,0xD636,0xC613,0x2A26,0x8CD1,0xFF79,0xFF58,0xFF56,0xFF78,0xFF79,0xFF57,0xDED8,0x0149,0x010A,0x014D,0x2D75,0x01ED,0x026D,0x00EC,0x0414,0x0393,0x016D,0x022E,0x016C,0x3D76,0x948F,0xFF56,0xFF59,0xFF35,0x2B0B,0x016B,0x1C34,0x026D,0x01A8,0x014A,0x0535,0x010B,0x00CA,0x016A,0x0289,0x4450,0x84D2,0x09A6,0x2B2C,0x0145,0x0165,0x5C6F,0x09C6,0x0165,0x09E7,0x540E,0x6491,0x0166,0x2ACB,0x22EA,0x6CB0,0xC5F3,0x6B6A,0xFF58,0xFF36,0xFF37,0xFF78,0xF757,0xFF37,0xA4F0,0x02C9,0x2B4C,0x01A6,0x236D,0xFF39,0xDE56,0xFF57,0xFF58,0xFF78,0xFF78,0xFF57,0xFF57,0xFF37,0xBE34,0x340E,0x232B,0x9553,0x94F1,0xFEF7,0xFF37,0xD634,0xD696,0x7553,0x8617,0x8617,0x2D34,0x04D4,
0xDEF6,0x02AA,0x14F4,0x4536,0x3D56,0x4597,0x3D56,0x3577,0x3556,0x663A,0x03F4,0x030F,0x4DF7,0x7639,0x3CF6,0x4D15,0x2B4D,0xB5B4,0x6BCD,0xFF59,0xFF58,0xFF59,0xFF78,0xFF79,0xFF77,0xFF59,0xFF37,0x03F1,0x014B,0x0475,0x0557,0x0454,0x0330,0x04F2,0xA594,0xACF2,0xFF79,0x9638,0x74F3,0x3576,0x3596,0x53F2,0xD71A,0xFED5,0xFF78,0xFF78,0xFF99,0xFF78,0xFF57,0xFF59,0x32CC,0x030F,0x3CF7,0x016C,0x02AE,0x014D,0x016E,0x014D,0x014C,0x0310,0x6CB1,0xFF38,0xEF37,0xFF58,0xFF58,0x02C8,0x01AB,0x012B,0x00E9,0x03D3,0x0331,0x04D5,0x0106,0x0066,0x0006,0x1BCF,0x4BCF,0x64B2,0x0186,0x438E,0x0A8A,0x0207,0x6CD3,0x01C6,0x1209,0x01C7,0x01C6,0x6491,0x0166,0x01A6,0x4C2E,0x52E6,0xFF57,0xFF58,0xFF38,0xFF77,0xFF79,0xF717,0x6B28,0xACCF,0xB593,0x3C0E,0x4C2E,0x6491,0x3C10,0xE614,0xFF58,0xFF59,0xFF57,0xFF37,0xFF57,0xFF57,0xFF57,0x5B6A,0x3534,0x2D14,0x1D15,0x6E17,0x0AC8,0xF718,0xFEF6,0xCEF7,0x6576,0x238C,0x4C70,0x5D55,0x0494,0x03F2,
0x1493,0x04F6,0x0536,0x1D57,0x0515,0x0515,0x3556,0x3556,0x4599,0x04F6,0x012B,0x0CB6,0x0535,0x1D56,0x3CD3,0x2452,0x3536,0x7E38,0x7C4F,0xFF58,0xFF57,0x8C70,0xFF78,0xFF99,0xFF7A,0xFF78,0xFF58,0xEEF8,0x00C8,0x0455,0x022D,0x03B2,0x0455,0x04D7,0x22A9,0x3CF6,0xB614,0x0556,0x2D77,0x0515,0x1556,0x0516,0x438E,0x22A9,0xCE96,0xFF7A,0xA510,0xE738,0xFF58,0xFF78,0xFF37,0xF759,0x4B2C,0x020D,0x016D,0x014C,0x016D,0x018D,0x014D,0x0392,0x3C31,0x5C30,0xA511,0xFF58,0xFF78,0xFF37,0x012A,0x012B,0x014C,0x016B,0x0350,0x016D,0x038F,0x0044,0x0289,0x6472,0x22EB,0x22AA,0x0105,0x01E7,0x0145,0x01E7,0x09E7,0x09E8,0x0166,0x43AE,0x1249,0x6491,0x42A8,0x7C2F,0x42A8,0xFF58,0xFF38,0xFF58,0xFF38,0xFF78,0xFF59,0xFF59,0xEED6,0xFF37,0xC592,0x7369,0x3204,0x73ED,0xFF37,0xFF57,0xFF58,0xFF58,0xFF57,0xFF57,0xFF57,0xFF36,0x3A45,0x04F4,0x04F5,0x0474,0x04F6,0x2D14,0x7DB7,0x6DD6,0x9DB6,0x0288,0x6E15,0x04B5,0x4516,0x1CD5,0x04B4,0x0371,
0x0495,0x04D6,0x0536,0x04F6,0x0557,0x2D56,0x4596,0x1D36,0x0432,0x024D,0x028E,0x024E,0x0558,0x2598,0x0537,0x0537,0x3D15,0x5D96,0x9553,0xEF39,0xC5F3,0xF717,0x6B09,0x8CAF,0x4246,0xFF58,0xFF58,0xFF7A,0x00A8,0x0331,0x0372,0x0454,0x04D6,0x04D6,0x0536,0x036F,0x3D36,0x03F2,0x0433,0x0494,0x04D5,0x04D5,0x0516,0x2BEF,0xB637,0x5411,0x1B6D,0x9D32,0xF759,0xFF77,0xFF77,0xFF58,0xFF78,0xFF58,0xFF77,0xFF38,0xF779,0x0149,0x016C,0x0455,0x4D56,0x226A,0xFF35,0xCD90,0xD653,0xFF58,0xFF16,0x4B2C,0x014B,0x014B,0x014D,0x01AC,0x024B,0x440F,0x3C0E,0x01E7,0x1269,0x22EB,0x0187,0x0125,0x3B8D,0x2268,0x2ACB,0x01C7,0x0165,0x0229,0x438E,0x5BAB,0xF738,0xFF78,0xFF78,0xFF56,0x4A45,0xEF57,0x9D74,0xBDD3,0x8D94,0x04B1,0x2B6D,0x74F6,0xE696,0x946C,0xFF38,0xFF36,0xFF58,0xFF58,0xFF58,0xFF78,0xFF57,0xFF37,0xFF79,0xFF57,0x6595,0x0494,0x02CF,0x04D5,0x04F5,0x04F5,0x75D7,0x75F7,0x55D6,0x2D57,0x4D96,0x0455,0x6616,0x0432,0x0517,0x03D2,
0x04F6,0x04B5,0x1557,0x04F6,0x04B5,0x2535,0x3535,0x1D36,0x02CF,0x014A,0x024E,0x01CD,0x026E,0x03B0,0x0535,0x0D15,0x65F8,0x3BD0,0x4B8D,0x438D,0x3B0C,0xE6B6,0x9553,0x8D55,0xFF58,0xFF79,0xFF79,0xFF58,0x0128,0x02B0,0x02D0,0x026E,0x0435,0x03F4,0x0537,0x0495,0x04F6,0x0455,0x0455,0x0475,0x0475,0x0475,0x0495,0x5576,0x2452,0x026C,0x0451,0x1390,0x6CB0,0xFF57,0xF736,0xF738,0xB5D3,0xCDF4,0xFF98,0xB676,0xFF58,0xFF57,0xF77A,0x2A48,0x538C,0xF77A,0xBCEF,0xFF58,0x8C90,0x9DB4,0xA530,0xFF56,0xF738,0x32CD,0x0128,0x0A49,0x5450,0x1A29,0x01E7,0x3B0C,0x3BCF,0x4BCE,0x43AE,0x0208,0x1269,0x1AAA,0x01C7,0x2ACB,0x228A,0x1A28,0x744F,0xFF77,0xFF57,0xFF57,0xFF15,0x9D11,0x8616,0x75B7,0x2411,0x5CD2,0x65F7,0x5619,0x0431,0x64B0,0x3AA8,0xF738,0xFF78,0xFF57,0xFF78,0xFF57,0xFF37,0xFF57,0xFF37,0xFEF6,0xFF58,0xCE34,0x0492,0x04B4,0x014B,0x0310,0x0516,0x1D97,0x5DD6,0x5596,0x04F5,0x0474,0x0474,0x03F2,0x03D1,0x0493,0x032F,0x04D7,
0x04F6,0x0536,0x0518,0x04F6,0x04F6,0x1CF5,0x1D76,0x0517,0x02F0,0x012B,0x01AD,0x0413,0x02AF,0x0495,0x2557,0x4575,0x5556,0x7E59,0x6575,0x9658,0x6595,0x430B,0x8618,0x8E98,0xBDF5,0xEED7,0xFF79,0xFF79,0xFF7B,0xFF58,0x00E9,0x020D,0x03F5,0x03F5,0x04B7,0x0415,0x03F3,0x03F4,0x0373,0x0416,0x0455,0x0496,0x04B5,0x0516,0x04B5,0x04B6,0x04B6,0x020A,0x028E,0xF738,0xB616,0x5578,0xC5F5,0x038D,0x5D15,0xBE58,0xC676,0xFF79,0xFF37,0xFF37,0xF738,0x3288,0x94D0,0xFF16,0xFF58,0xFF57,0xF738,0xF738,0xFF7A,0xFEF7,0xFF58,0xCE55,0x5B6A,0x8491,0x744F,0x42E9,0xF758,0xFF37,0xF779,0x3AC8,0x1A28,0x5BEE,0x7490,0x4B4C,0x6CB1,0x63CE,0x736A,0xFF78,0x93EB,0xCDF4,0x3A86,0x6C6F,0xADD3,0xFF79,0xFF17,0xF736,0xFF57,0xFF55,0xBD91,0xFF57,0xFF57,0xFF37,0xFF57,0xFF57,0xFF57,0xFF57,0xFF57,0xFF58,0xFF57,0xFEF5,0xFF57,0xFF38,0x04B2,0x0473,0x00EB,0x0455,0x0515,0x04B4,0x2CF5,0x3D97,0x03F3,0x0496,0x0414,0x0048,0x022D,0x04B5,0x0330,0x01AC,
0x0311,0x04B6,0x0558,0x04D6,0x0475,0x04B5,0x04F6,0x0516,0x03F4,0x00A9,0x00CB,0x024E,0x0310,0x0371,0x2D77,0x03B1,0x0516,0x0CF5,0x04D5,0x34F6,0x02CE,0x1D58,0x2D76,0x4C2F,0x3B8D,0xAE78,0xB615,0xEED7,0xFF99,0xFF78,0x0126,0x01EF,0x02D2,0x0334,0x0395,0x0395,0x0394,0x0374,0x0394,0x0372,0x03B4,0x0250,0x03D4,0x0373,0x03F4,0x0435,0x0455,0x0454,0x03F4,0x04B5,0x8CF2,0x1493,0x04D6,0x1D98,0x02AC,0x4289,0x6D54,0xEF38,0xFF39,0x8531,0x0432,0x04D4,0x2D15,0x04B4,0xB614,0x54D2,0xDEB7,0xE759,0xFF58,0xFF58,0xFF58,0xFF57,0xFF57,0xFF57,0xFF56,0xFF57,0xFF78,0xFF78,0xFF57,0xFF57,0xFF57,0xFF57,0xF6F7,0xFF37,0xFF37,0xF737,0xB592,0xDED6,0xFF57,0xFF57,0xFF58,0xF777,0xF716,0xA513,0x94F1,0x7C90,0x6C0D,0xDE55,0xFF57,0xFF37,0xFF37,0xFF37,0xFF37,0xFF37,0xFF57,0xFF57,0xFF37,0xFF58,0xFF37,0xFF37,0xFF57,0xE6B7,0x04B3,0x0370,0x010B,0x0475,0x04B7,0x0351,0x0495,0x0494,0x020C,0x0495,0x0435,0x00A9,0x016B,0x03F4,0x0455,0x01CD,
0x0456,0x028E,0x04F8,0x0435,0x0475,0x0538,0x04B6,0x04B6,0x0476,0x012C,0x00EB,0x00CB,0x00EA,0x0311,0x0577,0x016B,0x0517,0x0516,0x04D4,0x03F2,0x1557,0x0557,0x3534,0xA677,0x9617,0xA616,0x5C91,0xB636,0xBDB4,0xEED6,0xD697,0x018F,0x012C,0x02B1,0x0271,0x0334,0x0353,0x02D2,0x0312,0x0353,0x0393,0x018B,0x0374,0x0353,0x03D4,0x0436,0x03F4,0x0476,0x03F4,0x0455,0x0433,0x0475,0x0434,0x0475,0x0455,0x02CD,0x032E,0x326A,0x6D76,0x032D,0x034F,0x0537,0x04D7,0x0494,0x04D5,0x0517,0x2B8F,0x55B7,0x538B,0xF716,0xFF77,0xEF16,0xFF37,0xFF37,0xFF36,0xFF59,0xFF78,0xFF58,0xEED7,0xFF37,0xD591,0xBE36,0x5BAC,0x4BAC,0x534C,0x9DD5,0x9595,0x5C4E,0xFEF6,0xFF37,0xFF79,0xFF57,0xBDD4,0x8D74,0x5595,0x13AE,0xF77A,0xFF57,0xFF37,0xFF57,0xFF37,0xFF57,0xFF58,0xFF57,0xFF57,0xFF57,0xFF58,0xFF37,0xFF37,0xFF57,0xFF58,0xF6F7,0x0452,0x016B,0x00EA,0x0374,0x0436,0x01ED,0x0496,0x0455,0x014B,0x0435,0x03B3,0x00EB,0x012B,0x03B3,0x02F0,0x0089,
0x0395,0x0250,0x0393,0x0415,0x0436,0x03D4,0x0415,0x0416,0x0476,0x010C,0x00CB,0x00EB,0x00EC,0x02D0,0x04D6,0x0435,0x0515,0x0414,0x03B1,0x35B8,0x1536,0x05D8,0x4576,0xA699,0x128A,0x7E36,0x2B6B,0x8E37,0x4C50,0x74F1,0xF758,0x09A9,0x00C9,0x0066,0x00A9,0x014C,0x02D1,0x016D,0x0290,0x02B1,0x0312,0x014C,0x0333,0x0312,0x0270,0x03D5,0x0373,0x03B5,0x024F,0x0373,0x03D4,0x03F4,0x0415,0x0436,0x0456,0x0475,0x02AD,0x04F5,0x0168,0x0475,0x04D6,0x04B5,0x02D0,0x02D1,0x0557,0x04F5,0x1D56,0x35B5,0x45D6,0x2C72,0xE6F7,0xF739,0xA698,0xC6D7,0xAE77,0xFF38,0xFF57,0xFF37,0xBDF4,0x3452,0x9617,0xCEF8,0xC6D8,0xA698,0x6576,0x5596,0x5D34,0xBEB7,0x74D0,0xA5D3,0x636A,0x8D73,0x6D76,0x4C0E,0xD6B7,0xFF37,0xFF77,0xFF58,0xFF57,0xFF57,0xFF57,0xFF57,0xFF57,0xFF57,0xFF37,0xFF37,0xFF37,0xFF57,0xFF37,0xFF57,0xFF37,0xFF38,0xBE36,0x00EB,0x016D,0x00CB,0x0393,0x00A9,0x0455,0x03D5,0x010A,0x0311,0x03F4,0x02D1,0x00AB,0x024F,0x016D,0x012C,
0x01AE,0x02B1,0x0353,0x0330,0x036E,0x034D,0x03CE,0x03AE,0x034F,0x0187,0x0926,0x1906,0x00C6,0x0290,0x03B4,0x0331,0x04B6,0x02D0,0x0392,0x0537,0x0517,0x05D8,0x4D76,0x9E78,0x0516,0x55B8,0x9636,0x9E77,0x9E78,0x9E58,0x3182,0xFF37,0xFF37,0x74B3,0x0088,0x0048,0x016C,0x0069,0x008A,0x0271,0x020F,0x01ED,0x02B2,0x0271,0x0290,0x02B0,0x0354,0x0313,0x02B1,0x0290,0x0373,0x02F2,0x0394,0x0394,0x0416,0x0352,0x03F4,0x0495,0x0475,0x0455,0x04B6,0x0392,0x00ED,0x024F,0x0496,0x04F6,0x04F6,0x0454,0x0433,0x04D4,0x7C6F,0x43AD,0x24B1,0x5C10,0xEEF8,0xFF58,0xFF36,0xFF37,0x6596,0x026C,0x0350,0xAE77,0x8E38,0x024C,0x028E,0x02CD,0x0352,0x5473,0x3CF4,0x24F6,0x75D6,0xCE55,0xFF57,0xFF57,0xFF37,0xFF37,0xFF57,0xFF57,0xFF37,0xFF58,0xFF78,0xFF58,0xFF57,0xFF57,0xFF37,0xFF37,0xFF37,0xFF37,0xFF37,0xFF58,0xFF37,0xFF17,0x324A,0x02D1,0x016C,0x00EB,0x02D1,0x016D,0x02F1,0x0270,0x008A,0x00A9,0x01CE,0x0332,0x01CD,0x0049,0x020F,0x02B1,
0x00CA,0x022F,0x0354,0x39E9,0xF183,0xE8E1,0xF122,0xF122,0xE901,0xF142,0xE922,0xF1A4,0xC904,0x028F,0x02B0,0x03F4,0x0455,0x01CD,0x04D6,0x0537,0x0557,0x0557,0x3D35,0x7638,0x04F4,0x55F8,0x8E17,0x9E78,0xA6D9,0x0288,0x8C4F,0xFF37,0xFF78,0xE718,0x2AAB,0x00E9,0x00AB,0x00AA,0x0068,0x010C,0x018E,0x00EA,0x018D,0x01CF,0x014D,0x014B,0x02D2,0x01EF,0x0291,0x020E,0x0353,0x02B1,0x03B4,0x0374,0x02F2,0x0333,0x0353,0x0456,0x0435,0x03D5,0x03D5,0x018C,0x00EB,0x02D1,0x0475,0x0475,0x03D3,0x0538,0x0413,0x2C94,0x02AC,0x0495,0x0514,0x3411,0xD637,0xFF59,0xFF78,0xFF78,0x63CC,0x2412,0x024F,0x022B,0x5DD8,0x016B,0x022C,0x0371,0x016C,0x01CD,0x02EE,0x02ED,0x8D12,0xFF57,0xFF59,0xFF57,0xFF58,0xFF58,0xFF58,0xFF58,0xFF58,0xFF58,0xFF58,0xFF58,0xFF57,0xFF58,0xFF57,0xFF37,0xFF37,0xFF58,0xFF57,0xFF57,0xFF58,0xFF37,0xFF37,0x026C,0x00EB,0x010B,0x012C,0x0291,0x012C,0x0231,0x01CD,0x0069,0x00AA,0x0291,0x02D2,0x0089,0x016C,0x018D,
0x00EB,0x01EE,0x0354,0x32AC,0xF9A3,0xF142,0xF121,0xF983,0xF9C4,0xF142,0xF183,0xE942,0xC0E3,0x016C,0x0270,0x03D5,0x01CF,0x0312,0x0494,0x0537,0x0474,0x0516,0x0556,0x0432,0x0556,0x1CF4,0x75B7,0x9E98,0x8675,0x8678,0x21A2,0xD634,0xE6B7,0xFF78,0xFF7A,0x0108,0x008A,0x0088,0x0069,0x0089,0x0048,0x014B,0x0048,0x0211,0x010B,0x006A,0x0252,0x01F0,0x018D,0x012D,0x01AD,0x01CE,0x01AD,0x02F2,0x03D5,0x0313,0x0395,0x0354,0x0435,0x03B4,0x02F2,0x0210,0x00EB,0x00CB,0x0290,0x03B3,0x016A,0x014B,0x012A,0x01AB,0x02D0,0x0353,0x0495,0x032E,0x3516,0x640E,0xCE74,0xFF57,0xFF36,0xFF79,0x6C30,0x01C9,0x01CA,0x03D2,0x01CE,0x020E,0x01CD,0x014C,0x01EA,0xF737,0xFF58,0xFF57,0xFF57,0xFF57,0xFF78,0xFF37,0xFF58,0xFF58,0xFF58,0xFF78,0xFF58,0xFF58,0xFF58,0xFF57,0xFF37,0xFF37,0xFF57,0xFF58,0xFF58,0xFF58,0xFF37,0xFF58,0xFF37,0x020A,0x01AD,0x0049,0x00AA,0x0292,0x016C,0x010A,0x0251,0x00AB,0x0069,0x012C,0x016E,0x01CE,0x0069,0x00CA,
0x00AA,0x00EA,0x02D2,0x222B,0xF9C4,0xF163,0xF1A5,0xD8C2,0xF162,0xF9C4,0xF142,0xF163,0xD9C6,0x00AA,0x00AB,0x018E,0x018D,0x020C,0x0496,0x0496,0x03D3,0x04F7,0x04D5,0x0352,0x0535,0x25D8,0x0431,0x8658,0x2D75,0x02AA,0x0229,0x438E,0x54D2,0xD6B7,0xF758,0xFF57,0xFF59,0x8CF4,0x00C5,0x0044,0xEF39,0x01AB,0x0089,0x00EB,0x0089,0x0027,0x00EC,0x01CD,0x0048,0x0089,0x0089,0x018D,0x010B,0x01CD,0x0270,0x02D2,0x0313,0x02F2,0x02D1,0x0290,0x0312,0x022F,0x00CA,0x00CB,0x00EA,0x018D,0x024F,0x012C,0x014D,0x02B1,0x0290,0x01AD,0x01CD,0x0455,0x0475,0x4B8D,0x7D54,0xD674,0x7BEC,0x4266,0x638A,0xFF57,0xFF58,0xFF57,0xF718,0xFF59,0x4AA9,0xDEB7,0xFF57,0xFF58,0xFF57,0xFF57,0xFF37,0xFF77,0xFF57,0xFF57,0xFF57,0xFF37,0xFF58,0xFF58,0xFF38,0xFF37,0xFF17,0xFF37,0xFF37,0xFF57,0xFF57,0xFF37,0xFF58,0xFF58,0xFF38,0xFF58,0xFF38,0xFF56,0x0108,0x00EC,0x0048,0x00CA,0x01AF,0x0048,0x010D,0x014D,0x00A9,0x0048,0x00EB,0x00EB,0x012B,0x0027,
0x00AB,0x00CB,0x01EF,0x226C,0xF9C4,0xF9C5,0xE184,0x1881,0xF983,0xF9C4,0x6060,0xF183,0xE225,0x0069,0x00EC,0x018D,0x020F,0x018C,0x0476,0x0456,0x04B8,0x0475,0x04D6,0x0435,0x04B5,0x0473,0x2DD8,0x9679,0x04B4,0x0516,0x4D96,0x7D74,0x6535,0x7616,0xFF39,0xFF58,0xFF58,0xFF77,0xFF58,0xFF7A,0xFF38,0xADF7,0x0047,0x0024,0x00CA,0x0028,0x0028,0x0028,0x0089,0x0028,0x0029,0x0049,0x00CA,0x00EC,0x010C,0x0251,0x0210,0x0251,0x0272,0x010C,0x01CE,0x01AD,0x016C,0x00CB,0x00EB,0x010B,0x010B,0x0270,0x00EB,0x00CB,0x014C,0x00AA,0x010B,0x01ED,0x02AF,0x0351,0x02EE,0x3B6E,0x6C91,0xB657,0x6430,0xF6F7,0xFF59,0xCDB0,0xF717,0xFF39,0xFF58,0xFF57,0xFF57,0xFF58,0xFF37,0xFF58,0xFF57,0xFF57,0xFF77,0xFF57,0xFF37,0xFF78,0xFF37,0xFF78,0xFF58,0xFF57,0xFF37,0xFF37,0xFF38,0xEEF6,0xF758,0xF717,0xFF38,0xFF37,0xFF58,0xFF57,0xF737,0xFF57,0xAE17,0x01AD,0x0067,0x0068,0x00EC,0x012C,0x0028,0x0089,0x00EA,0x0006,0x0026,0x0048,0x008A,0x012B,
0x008B,0x008A,0x010B,0x00A7,0xF143,0xF143,0xF1A4,0xF121,0xE901,0xF162,0x68C3,0xE265,0xF226,0x00A9,0x020F,0x012C,0x018E,0x00ED,0x0416,0x02F0,0x0353,0x0414,0x03B2,0x0310,0x04D6,0x04F5,0x45D8,0x65F8,0x04F6,0x0537,0x0515,0x0576,0x4D77,0x4CB1,0xE6D7,0xFF78,0xFF78,0xB5B3,0x7BCC,0xFF78,0xFF79,0xFF79,0x8470,0x00A8,0x0027,0x0027,0x0026,0x0026,0x0027,0x0026,0x0049,0x0049,0x0048,0x0048,0x0048,0x0069,0x020E,0x020F,0x0333,0x0314,0x008A,0x018E,0x012B,0x0291,0x00EB,0x00AC,0x008B,0x00AA,0x022F,0x02D3,0x00CB,0x00EC,0x00EC,0x00EB,0x014C,0x012B,0x016B,0x01AB,0x2229,0xBE97,0xEF38,0xBD73,0xFF58,0xFF58,0xFF79,0xFF78,0xFF78,0xFF78,0xFF37,0xFF37,0xFF57,0xFF37,0xFF37,0xFF77,0xFF57,0xFF16,0xFF57,0xFF37,0xFF57,0xFF78,0xFF58,0xFF57,0xFF38,0xC5B3,0x840C,0xC676,0xCEB8,0x42C9,0xA5B5,0x4A68,0x8C8D,0xFF37,0xFF16,0xFF57,0xFF57,0xD6D7,0x0108,0x0066,0x0006,0x0027,0x0067,0x0005,0x0006,0x0068,0x0026,0x0005,0x0007,0x0007,
0x008A,0x006A,0x0089,0x0048,0xE902,0xF942,0x5821,0x2840,0x70A0,0x90C1,0xA904,0xF121,0xF1C5,0x00A9,0x012C,0x014C,0x01EE,0x014C,0x03D5,0x01AD,0x020E,0x03F5,0x02B0,0x020E,0x0475,0x04B5,0x0454,0x04F5,0x04F5,0x0516,0x0597,0x0597,0x0432,0x442F,0x848E,0xFF37,0xFF57,0x3A66,0xAE36,0xB6B9,0xCE97,0xFF59,0xFF58,0xB5D5,0x0066,0x0025,0x0005,0x0025,0x0027,0x0047,0x0027,0x0026,0x0046,0x0048,0x0048,0x0068,0x0069,0x00A9,0x0008,0x01AD,0x016E,0x0049,0x00AA,0x01AD,0x020F,0x00CA,0x00AA,0x00AA,0x00AA,0x00AA,0x00AB,0x00AA,0x00AA,0x00EB,0x00CB,0x00EA,0x00AA,0x0109,0xCE96,0xAD10,0xCDF3,0xFF59,0xFF78,0xFF78,0xFF79,0xFF58,0xFF58,0xFF58,0xFF57,0xFF58,0xFF37,0xFF37,0xFF37,0xFF38,0xFF58,0xFF37,0xFF58,0xF738,0xDF19,0xFF16,0xFF38,0xFF37,0x6B49,0xC6D8,0xCED8,0xCEF8,0xCEB7,0xCED7,0x8E15,0xC6D9,0x95D5,0xCE35,0xFF58,0xFF58,0xFF57,0xF718,0xFF57,0xE719,0x00E5,0x0026,0x0024,0x0025,0x0005,0x0005,0x0005,0x0005,0x0004,0x0004,
0x008A,0x006A,0x0068,0x0027,0xF8C2,0x4800,0x2040,0x4800,0x5881,0xC903,0x00C3,0xF164,0xE9A4,0x0048,0x00AA,0x00AB,0x018D,0x010C,0x0353,0x01CE,0x0290,0x03D5,0x0290,0x0312,0x02D0,0x0434,0x0434,0x0414,0x04B6,0x04D5,0x0536,0x04D4,0x04F5,0x7637,0x438D,0x5BAC,0xC5D2,0x01E8,0x0516,0x55B6,0x6D74,0xFF79,0xFF77,0xFF56,0xFF17,0xEF18,0xD6D8,0xDEF8,0xD719,0x0046,0x0047,0x0027,0x0008,0x0047,0x0026,0x0006,0x0006,0x0027,0x0026,0x0026,0x00A9,0x010B,0x008A,0x00CA,0x010B,0x010C,0x00EB,0x00AA,0x0069,0x00AA,0x00AA,0x00AA,0x00AA,0x00AA,0x00CB,0x010B,0x01CA,0x238D,0xAD52,0xFF37,0xFF58,0xFF77,0xFF78,0xFF78,0xFF79,0xFF37,0xFF58,0xFF58,0xFF57,0xFF57,0xFF57,0xFF37,0xFF57,0xFF77,0xFF57,0xFF57,0xFF59,0xC654,0xE6D7,0xFF77,0xFF37,0xFF59,0xD657,0xC6B8,0xD6B7,0xC6B8,0x85D5,0x85F6,0x3595,0xCEB8,0x4C70,0x5CB1,0xEF5A,0xFF17,0xFF57,0xFF57,0xF737,0xFF18,0xFF38,0x19C5,0x0024,0x0005,0x0004,0x0006,0x0024,0x0004,0x0005,0x0004,
0x006A,0x006A,0x0047,0x0047,0xE902,0xF184,0x7082,0x6841,0x0820,0x1801,0x80C2,0xF9A5,0xF1C4,0x0069,0x00EB,0x012C,0x00EB,0x00EB,0x02D1,0x01CE,0x020E,0x0374,0x0332,0x0290,0x01CE,0x0372,0x0455,0x0436,0x0455,0x0495,0x0557,0x0515,0x04D5,0x4D75,0x2C30,0x6596,0x2B6E,0x0557,0x04D5,0x6E38,0x6617,0x3B29,0x744D,0xD6D8,0xFF58,0xFF78,0xFF59,0xFF58,0xFF38,0x8CF2,0x00C5,0x0065,0x0044,0x0068,0x0026,0x0026,0x0026,0x0026,0x0026,0x0027,0x0047,0x0048,0x0068,0x0048,0x0048,0x0049,0x00AA,0x0069,0x008A,0x00AA,0x00AA,0x00AA,0x00EB,0x00EB,0x00EB,0xDF19,0xFF37,0xFF37,0xFF58,0xFF58,0xFF58,0xFF58,0xFF58,0xFF58,0xFF38,0xFF78,0xFF58,0xFF58,0xFF57,0xFF57,0xFF57,0xFF57,0xFF37,0xFF57,0xFF37,0xFF39,0xF759,0xF6FA,0xFF58,0xFF57,0xFF37,0xFF58,0xC5D4,0xA551,0xCED8,0x7DD5,0x85B7,0x030F,0x9679,0xBEB8,0x74F2,0xC6F7,0xCE77,0xFF37,0xFF37,0xFF37,0xFF37,0xC5D2,0xFF58,0xFF58,0xF737,0x0024,0x0005,0x0005,0x0025,0x0005,0x0004,0x0004,
0x0048,0x0049,0x0069,0x00A7,0xF923,0xE902,0x2841,0xD125,0x2800,0x3881,0x7065,0xB963,0xF142,0x0026,0x00AA,0x00CB,0x00EB,0x00CB,0x01CE,0x0230,0x010B,0x0394,0x01EE,0x022F,0x014C,0x0312,0x03B4,0x0456,0x04B6,0x04D6,0x04B5,0x04B4,0x0352,0x0D77,0x04F6,0x0494,0x0390,0x0576,0x1536,0x7E9B,0x0516,0x3D75,0x03D0,0x538C,0xFF37,0xFF58,0xDE97,0x63CD,0xFF56,0xFF58,0xFF36,0xEF39,0xDEF8,0xE739,0x00C6,0x0027,0x0006,0x0005,0x0046,0x0008,0x0028,0x0026,0x0027,0x0028,0x0028,0x0028,0x0068,0x0068,0x0048,0x0049,0x00C7,0x0108,0x014A,0xC637,0xFF37,0xFF57,0xFF58,0xFF57,0xFF58,0xFF58,0xFF78,0xFF58,0xFF37,0xFF37,0xFF57,0xFF78,0xFF58,0xFF58,0xFF37,0xFF37,0xFF37,0xFF37,0xFF37,0xFF57,0xFF57,0xF739,0xBD72,0xD5F3,0x736A,0xFF78,0xACCE,0xFF59,0x840E,0xCEB8,0x95D5,0x5D14,0x0330,0x3CF2,0x85D7,0x9637,0xC6D9,0xC69A,0x9D95,0xFF58,0xAD51,0x62E8,0xFF58,0x5B29,0xF718,0xFF58,0xF759,0xFF38,0xF739,0xF6F7,0xEF17,0x0002,0x0045,0x0003,
0x0068,0x0068,0x0049,0x0026,0xF143,0xF163,0xE964,0xF9A4,0xE102,0x3041,0xC145,0xF984,0xF984,0x0027,0x00AA,0x00AA,0x00CA,0x00AA,0x00EB,0x0332,0x00CB,0x02D1,0x0394,0x022F,0x01AE,0x020E,0x03B4,0x02D1,0x0393,0x0475,0x0475,0x04B5,0x026E,0x03F2,0x04B5,0x0516,0x028F,0x0535,0x04F6,0x4E39,0x0556,0x3DF7,0x2597,0x5B8D,0x9594,0xFF57,0xEEF8,0x64F3,0x6CF3,0xEF19,0x9510,0xEEF8,0xEF16,0xFF58,0xF777,0x8CF3,0x9D12,0xD6B8,0x0086,0x0026,0x0006,0x0006,0x0025,0x0025,0x0026,0x0026,0x0046,0x0027,0x0086,0x3B6D,0xFF39,0xFF77,0xFF57,0xFF79,0xFF78,0xFF58,0xFF58,0xFF78,0xFF57,0xFF57,0xFF58,0xFF58,0xFF58,0xFF58,0xFF57,0xFF57,0xFF58,0xFF57,0xFF37,0xFF37,0xFF37,0xFF37,0xFF37,0xFF57,0xFF57,0xFF57,0x746E,0x3B2D,0xB656,0x9D74,0x746F,0xCED8,0xAE16,0x6C0F,0x7E59,0x4D98,0x3516,0x4575,0xA699,0x9E58,0x9554,0x6BEE,0xCE17,0xEF57,0xADF5,0x536B,0xB636,0x63CC,0xE6B7,0xFF39,0xDE53,0xFF39,0xFF58,0xFF38,0xFF38,0xF738,0xEF18,0xEF17,
0x0047,0x0048,0x0049,0x0067,0xF984,0xE901,0xF122,0xF143,0xE984,0xE941,0x4080,0xE942,0xF9E6,0x0027,0x0089,0x008A,0x008A,0x008A,0x008A,0x01EE,0x00EB,0x016D,0x02D1,0x018D,0x0373,0x00EB,0x0373,0x018D,0x0477,0x0435,0x0455,0x0495,0x026E,0x0310,0x04B6,0x04D6,0x0290,0x0516,0x04B5,0x04F6,0x0514,0x25B6,0x35D7,0x7575,0x5C0F,0x9D73,0x540F,0x7595,0xA658,0x232C,0x6D55,0x53CF,0x7B8E,0x9553,0xFF58,0xFF78,0xFF38,0xF759,0xE6F8,0xD656,0xE6F7,0x9D56,0x0047,0x0045,0x0065,0x0065,0x0065,0x324A,0xEF19,0xFF57,0xFF78,0xFF58,0xFF57,0xFF78,0xFF37,0xFF58,0xFF78,0xFF58,0xFF78,0xFF57,0xFF57,0xFF58,0xFF58,0xFF37,0xFF58,0xFF58,0xFF58,0xFF57,0xFF37,0xFF37,0xFF38,0xFF37,0xFF57,0xFF57,0xFF37,0xFF58,0x944F,0xADB4,0x5DB6,0x4557,0x02AB,0x4349,0xC676,0xAE77,0x0474,0x02AF,0x24F4,0x75F7,0x9617,0xB615,0xCE97,0xBE97,0xC678,0xA592,0xC6D7,0xC6B7,0xCED8,0xA594,0xD6F8,0x3205,0xF737,0xFF38,0xFF37,0xFF58,0xF737,0xF717,0xF739,0xFF38,
0x0048,0x0028,0x0028,0x0027,0xF1A5,0xE921,0xE902,0xF984,0xE963,0xF923,0xE1A4,0xF9C3,0xF984,0x0047,0x0068,0x0029,0x0069,0x006A,0x006A,0x0069,0x01AD,0x00CA,0x016D,0x02D2,0x014C,0x012C,0x00EB,0x00AA,0x0353,0x0392,0x0496,0x0434,0x0435,0x00A9,0x0496,0x04B5,0x010B,0x0393,0x04B5,0x022C,0x1557,0x1D96,0x2D76,0x7D95,0x5BCE,0x54B2,0x234D,0x8617,0x5D55,0x5D54,0x04D5,0x4DB6,0x028B,0x7D96,0x9594,0xB593,0xFF36,0xFF58,0xF718,0xFF37,0xFF58,0xFF18,0xCDB1,0xD5D3,0xE696,0xA46C,0xFF58,0xFF77,0xFF59,0xFF78,0xFF58,0xFF58,0xFF58,0xFF57,0xFF58,0xFF58,0xFF37,0xFF57,0xFF57,0xFF58,0xFF58,0xFF58,0xFF58,0xFF57,0xFF58,0xFF58,0xFF57,0xFF78,0xFF78,0xFF57,0xFF35,0xFF57,0xFF57,0xFF58,0xFF37,0xFF58,0xA593,0x5DB6,0x5596,0x3D97,0x6575,0x95D7,0xA656,0x4D57,0x01AC,0x1536,0x5E39,0x7596,0x9E16,0xCED8,0xB5F4,0xCEB7,0xD6D8,0xAE77,0xC6D8,0xC6D8,0xC6B8,0xC6B7,0xBE56,0xFF78,0xFF78,0xF716,0xDE54,0xF758,0xFF37,0xFF58,0xFF58,0xF717,
0x0027,0x0026,0x0048,0x0006,0xE944,0xF143,0xE921,0xFAA8,0xA943,0xF985,0xF963,0xF9A4,0xF1A3,0x0005,0x0048,0x0029,0x0028,0x0089,0x0049,0x0069,0x0089,0x00AA,0x008A,0x0069,0x01CE,0x024F,0x010B,0x014C,0x0270,0x026F,0x0413,0x0435,0x0393,0x010A,0x00EB,0x0455,0x0435,0x00EB,0x012A,0x03F3,0x0413,0x45D7,0x02AE,0x2D99,0x04D5,0x02EE,0x1534,0x3556,0x03F0,0x75F7,0x040F,0x4D96,0x4D97,0x4576,0x5DF7,0xAD52,0xAE15,0xF759,0xDEB7,0x9C2C,0x940B,0xFF59,0xFF38,0xFF79,0xFF58,0xFF58,0xFF58,0xFF58,0xFF58,0xFF57,0xFF58,0xFF78,0xFF78,0xFF37,0xFF58,0xFF58,0xFF58,0xFF57,0xFF58,0xFF58,0xFF58,0xFF58,0xFF58,0xFF78,0xFF58,0xFF58,0xFF57,0xFF58,0xFF57,0xFF38,0x7B6A,0xFF57,0xFF37,0xFF57,0xFF58,0xFF38,0x9E56,0x1CF4,0x2576,0x5597,0x9E36,0xB678,0x9DF7,0x4D77,0x012B,0x2577,0x6E18,0x8699,0xC6B8,0xCED7,0x8E37,0xC6D9,0x6512,0x65D7,0xA657,0x7DB4,0xB6D8,0x32A8,0xB552,0xFF58,0xF716,0xFF59,0xBD70,0xCE97,0xE697,0xDF5A,0x9510,0x0122,
0x0047,0x0046,0x0027,0x0047,0xE985,0xF963,0xF142,0xF944,0xF163,0xE902,0xF163,0xF163,0xF1A2,0x0025,0x0028,0x0049,0x0029,0x0069,0x0049,0x0069,0x0069,0x0049,0x0069,0x0069,0x006A,0x01AE,0x0250,0x02B1,0x014C,0x02D2,0x01CD,0x0392,0x0456,0x014C,0x010B,0x014D,0x0476,0x012A,0x00EB,0x00EA,0x020D,0x0496,0x0432,0x02D0,0x0515,0x02CE,0x3577,0x4D96,0x4597,0x3536,0x03F4,0x3597,0x1C33,0x0C33,0x3575,0x1CB3,0x95D5,0xD614,0xBD31,0xFF58,0xFF56,0xFF58,0xFF58,0xFF57,0xFF57,0xFF58,0xFF58,0xFF78,0xFF79,0xFF37,0xFF57,0xFF58,0xFF58,0xFF57,0xFF57,0xFF58,0xFF57,0xFF58,0xFF58,0xFF57,0xFF58,0xFF58,0xFF78,0xFF58,0xFF58,0xFF58,0xFF57,0xFF57,0xFF77,0xA48F,0x946D,0x52EB,0xFF57,0xFF57,0xFF37,0x8BCB,0xA532,0x6534,0x2D34,0x5DD7,0xA677,0x8595,0x8DF7,0x5618,0x01EE,0x0D36,0x3D35,0x65B5,0xBED8,0xBEB7,0x7D74,0xCE96,0x2D35,0x3CF5,0x3D56,0x3514,0xBE96,0xA637,0xC5F3,0xFF58,0xFF38,0xDE33,0xF718,0xF738,0x7BAC,0x2ACB,0x85D7,0x55D5,
0x0006,0x0006,0x0006,0x0026,0xE144,0xF143,0xF141,0xF983,0x1041,0xF9A6,0xF925,0xF964,0xF183,0x0025,0x0048,0x0027,0x0068,0x0068,0x0027,0x0048,0x0028,0x0049,0x006A,0x00AA,0x0069,0x0089,0x02B1,0x008A,0x014C,0x008A,0x0394,0x016D,0x018D,0x01CE,0x00EB,0x012C,0x00EB,0x0476,0x014C,0x00AC,0x01CE,0x016C,0x0350,0x00E9,0x01AC,0x0494,0x014D,0x1CD5,0x4556,0x020D,0x01AC,0x020E,0x0353,0x02ED,0x84B1,0xFF58,0xFF37,0xFF78,0xFF57,0xFF58,0xFF37,0xFF57,0xFF58,0xFF57,0xFF57,0xFF78,0xFF58,0xFF78,0xFF58,0xFF78,0xFF58,0xFF57,0xFF58,0xFF57,0xFF57,0xFF58,0xFF58,0xFF58,0xFF57,0xFF57,0xFF57,0xFF57,0xFF57,0xFF58,0xFF58,0xFF58,0xFF37,0xFF58,0xFF57,0xFF37,0xFF57,0x842D,0xC6B8,0x21C4,0x632A,0xF739,0x6B8C,0x6D95,0x4D95,0x5596,0x7596,0x2D15,0x6D76,0x3DB7,0x0290,0x2D77,0x4D56,0x75D6,0xA655,0x9657,0x8573,0x9E99,0x45B8,0x55B7,0x45B7,0x9617,0x538D,0x4228,0xF739,0xFF37,0xFF59,0xFF79,0x6D11,0xEEB8,0x8531,0x75B5,0x5DD6,0x4D76,
0x0026,0x0027,0x0027,0x0027,0xE945,0xF143,0xE961,0xB945,0x1840,0x9061,0xF144,0xF144,0xF164,0x0025,0x0047,0x0027,0x0028,0x0027,0x0027,0x0048,0x0027,0x0069,0x00AA,0x008A,0x00AA,0x0069,0x008A,0x0069,0x0069,0x0069,0x00CA,0x01EE,0x010B,0x00AA,0x02D1,0x014C,0x00A9,0x010B,0x00CA,0x0372,0x014D,0x012C,0x012C,0x018B,0x018C,0x018C,0x028C,0x438E,0x7D31,0xE738,0xFF5A,0xF758,0xFF36,0xFF37,0xFF58,0xFF58,0xFF58,0xFF38,0xFF38,0xFF37,0xE6F7,0xDED7,0xEEF7,0xFF37,0xFF57,0xFF57,0xFF57,0xFF57,0xFF58,0xFF57,0xFF58,0xFF57,0xFF78,0xFF57,0xFF57,0xFF58,0xFF57,0xFF57,0xFF57,0xFF57,0xFF78,0xFF57,0xFF37,0xFF78,0xFF58,0xFF58,0xFF58,0xFF58,0xFF58,0xFF37,0xFF57,0xFF37,0xFF58,0x9CF1,0x7CF0,0x7DB6,0x3597,0x5DD7,0x4D96,0x2D35,0x4556,0x2D96,0x01CB,0x3DB7,0x026F,0x2535,0x0576,0x9E58,0x8638,0x04D5,0x8E59,0x3534,0x04B4,0x2D36,0x1556,0x34D3,0x95F6,0x94D1,0x94D1,0x644F,0x5B6B,0x9679,0x65F6,0x4556,0x65F7,0x4575,0x0453,0x04F5,
0x0006,0x0006,0x0006,0x0047,0xE0C4,0xE963,0xF1A4,0xF984,0x3001,0xF143,0xF983,0xF983,0xF9C5,0x0064,0x0026,0x0006,0x0027,0x0047,0x0027,0x0027,0x0027,0x0027,0x0028,0x0068,0x0068,0x0089,0x008A,0x0069,0x0069,0x00AA,0x008A,0x00AA,0x008A,0x008A,0x018D,0x024F,0x01CC,0x00EB,0x00AB,0x010B,0x018D,0x0313,0x022F,0x018D,0x01AA,0xAD72,0xFF38,0xFF38,0xFF58,0xFF58,0xFF57,0xFF78,0xFF78,0xFF57,0xFF57,0xFF58,0xFF56,0xFF58,0xFF37,0xBE76,0xC71A,0x5B6B,0x8D12,0xFF38,0xFF58,0xFF37,0xFF57,0xFF78,0xFF58,0xFF58,0xFF58,0xFF58,0xFF78,0xFF57,0xFF37,0xFF58,0xFF57,0xFF37,0xFF58,0xFF58,0xFF57,0xFF37,0xFF57,0xFF57,0xFF58,0xFF79,0xFF58,0xFF58,0xFF58,0xFF58,0xFF78,0xFF57,0xFF58,0xFF79,0xC5B3,0x42EB,0x5CD4,0x4D77,0x4597,0x0474,0x2D97,0x2D56,0x014C,0x4DD7,0x0290,0x04B4,0x4DB7,0x6DD5,0x4DF7,0x0535,0x1CB1,0x0515,0x01EB,0x0536,0x0536,0x5DB7,0x6DB5,0x9638,0x7DF7,0x8E17,0x0268,0x5DD6,0x5E17,0x14B4,0x3D76,0x0473,0x0434,0x0453,
0x0006,0x0006,0x0006,0x0026,0xD124,0xF163,0xF163,0xF964,0x2000,0xF182,0xF984,0xF143,0xF164,0x0044,0x0026,0x0005,0x0026,0x0027,0x0027,0x0027,0x0027,0x0027,0x0027,0x0068,0x0068,0x0049,0x0049,0x008A,0x008A,0x008A,0x0069,0x00AA,0x00AA,0x00CA,0x00AA,0x00AA,0x010B,0x02B0,0x022F,0x016D,0xC637,0xFF36,0xEF18,0xCEB5,0xFF17,0xFF56,0xFF37,0xFF57,0xFF57,0xFF37,0xFF58,0xFF58,0xFF58,0xFF58,0xFF58,0xFF57,0xE6B7,0xFF38,0xD697,0xBE97,0xAE78,0x73ED,0xD614,0xFF59,0xFF38,0xFF56,0xEF58,0x9DD4,0xF759,0xFF37,0xFF58,0xFF59,0xFF58,0xFF57,0xFF37,0xFF37,0xF717,0xFF59,0xFF58,0xFF58,0xFF58,0xFF58,0xFF57,0xFF58,0xFF58,0xFF57,0xFF58,0xFF58,0xFF58,0xFF78,0xFF37,0xFF38,0xFF58,0xFF58,0xF737,0x4266,0x5470,0x3D35,0x4597,0x0535,0x4E19,0x5DF8,0x0391,0x3555,0x01CF,0x0312,0x2594,0x1534,0x0CF6,0x0555,0x75D8,0x2576,0x024E,0x0495,0x1578,0x0494,0x3535,0x5D95,0x8E58,0x8617,0x0495,0x0536,0x04D5,0x0454,0x0454,0x0413,0x0414,0x0475,
0x0026,0x0026,0x0026,0x0006,0xB923,0xF184,0xF942,0xF944,0x2060,0x2020,0xE963,0xF984,0xF143,0x0065,0x0028,0x0027,0x0027,0x0027,0x0026,0x0028,0x0027,0x0007,0x0027,0x0026,0x0047,0x0028,0x0069,0x008A,0x00CA,0x00C9,0x00AA,0x00EB,0x0107,0x3AEA,0xF759,0xF739,0xF718,0xE759,0xF717,0xF758,0xFF38,0xEEF5,0xCE96,0x4AA9,0xAEB6,0x4A86,0xE717,0xBEB7,0xFF17,0x9C8F,0xACAE,0xFF18,0xADF5,0xBEB7,0x7C6F,0xFF58,0xF737,0x6C2F,0x5CD2,0x9DF4,0xB677,0xB679,0x73EC,0xE738,0xFF16,0xC6B6,0x8DD4,0x8575,0xA617,0xFF58,0xFF58,0xFF58,0xFF58,0xFF58,0xFF37,0xFF57,0xFF58,0xFF58,0xFF38,0xFF58,0xFF37,0xFF58,0xFF57,0xFF37,0xFF58,0xFF58,0xFF58,0xFF78,0xFF57,0xFF78,0xF758,0xD6F8,0xDED7,0xC614,0xFF38,0xEF37,0x73EC,0x3BEE,0x2D97,0x2D16,0x0453,0x03F1,0x0516,0x0330,0x01EE,0x01D1,0x0391,0x2597,0x0515,0x04B5,0x8659,0x2576,0x00CA,0x024E,0x2596,0x0515,0x02AE,0x5D96,0x5D94,0x0536,0x0435,0x0454,0x04D5,0x0414,0x020E,0x0435,0x03D4,0x03D3,
0x64F5,0x53F1,0x74B3,0x8473,0xD1A4,0xF124,0xF123,0xF943,0xD143,0xF8E2,0xF184,0xF143,0xF9A2,0x0044,0x0026,0x0026,0x0026,0x0047,0x0047,0x0047,0x0047,0x0027,0x0046,0x0048,0x0047,0x0088,0x00A9,0x00A8,0x0928,0x9D33,0xEF3A,0xF718,0xF759,0xDEB6,0xF758,0xE718,0xB593,0xFF58,0xFF59,0xEF18,0x4B6C,0x8C6E,0xF757,0x3410,0x74F2,0x644F,0x9E37,0xCE97,0xDEB7,0x7CD2,0xBDB5,0x6C70,0x9EBA,0x9634,0x9DD4,0x4BAD,0xCE34,0xAE58,0x43CD,0xBEB7,0xBEB7,0x7CF0,0xCDF6,0xBE57,0xE6D7,0xADD5,0x8D94,0xDF39,0xDE96,0xFF36,0xFF38,0xFF58,0xFF79,0xFF58,0xFF57,0xFF57,0xFF58,0xFF58,0xFF79,0xFF58,0xFF37,0xFF57,0xFF57,0xFF57,0xFF58,0xFF58,0xFF58,0xFF58,0xFF58,0xFF37,0x8CF1,0x5451,0x95F5,0xC6D8,0xE6F8,0xFF59,0xADD4,0x6D12,0x440E,0x4D97,0x030F,0x020B,0x0577,0x022E,0x04F5,0x018F,0x0371,0x0556,0x0D36,0x0494,0x6DB7,0x2576,0x00EB,0x02B0,0x1515,0x032F,0x03D4,0x65B6,0x5574,0x0472,0x04F6,0x0494,0x0454,0x03D4,0x01AD,0x0392,0x0373,0x0435,
0xB6F9,0x9698,0x54D3,0x4AA8,0xD905,0xF123,0xF904,0xC965,0x0840,0x4020,0xE9C2,0xE962,0xF9A4,0x9248,0xB657,0xBEDA,0x8554,0x8DB6,0xEF3A,0xE75A,0xD73A,0xDF3A,0xFF19,0xEF3A,0xCE56,0xC677,0xADB3,0xF719,0xF758,0xFF36,0x232D,0x01E8,0x01C6,0x8594,0x95D7,0x8554,0x43CD,0x4205,0x5C0D,0x5CF2,0x9E78,0x230B,0xAE78,0x9E78,0x5555,0x4431,0x440F,0xA657,0x74F2,0xAE78,0x1A68,0xB698,0x6575,0xA697,0x6DB7,0x4D54,0x0289,0x9679,0x8E58,0xB697,0xB677,0xAE77,0xBEB8,0x538B,0x1227,0xBF1A,0xA5F5,0xADF5,0xFF37,0xFF57,0xFF37,0xFF59,0xFF58,0xFF58,0xFF38,0xFF37,0xFF58,0xFF58,0xFF58,0xFF58,0xFF58,0xFF58,0xFF58,0xFF58,0xFF58,0xFF38,0xFF58,0xFF58,0xFF58,0x1A08,0x0575,0x1C30,0x75B6,0x4B6B,0xB697,0xD6F8,0x8D95,0x6D96,0x6E57,0x1D97,0x1CD5,0x04D6,0x0536,0x14F5,0x0536,0x020E,0x0495,0x2576,0x0536,0x2CD5,0x6597,0x04F5,0x010A,0x026F,0x0556,0x026E,0x0494,0x04D4,0x2535,0x0454,0x0475,0x0434,0x0434,0x03D3,0x026F,0x02F1,0x0313,0x03F5,
0x55D8,0x35B8,0x0557,0x4557,0xB124,0xF142,0xF943,0x80C2,0x1841,0xF143,0xF984,0xA962,0xF984,0x8A48,0xB699,0x95F7,0x64D3,0x2BCF,0x64D2,0x6DB6,0x028A,0x63AD,0x7DB7,0x64F3,0x7DF8,0xAE78,0xAE77,0x7DB5,0x8617,0x2B6D,0x8677,0xA697,0xB6B8,0x9637,0x9E78,0x9677,0x2CF4,0x3452,0xB677,0xA657,0xAE56,0xB697,0x7E37,0xA698,0x2D34,0x04F4,0x4D14,0x6D75,0xAE77,0xB677,0xB6B8,0xB698,0x55F8,0x3D15,0x0534,0x3576,0x1493,0x45B8,0x6D95,0xA698,0xCEB7,0xB677,0xB656,0x5D53,0x6DF6,0x4516,0xB6B9,0x9DD5,0xDEB6,0xF718,0xF739,0x9D53,0xFF37,0xFF58,0xFF58,0xFF58,0xFF58,0xFF58,0xFF37,0xFF58,0xFF79,0xFF58,0xFF58,0xFF58,0xFF58,0xFF78,0xFF38,0xFF58,0xEEF8,0x2C91,0x014A,0x24D5,0x1289,0x1B6D,0x0412,0x4CB0,0x0310,0x6556,0x2536,0x03D3,0x2D76,0x01EE,0x03B2,0x04D5,0x0330,0x04F5,0x020D,0x0596,0x04D6,0x02CD,0x0473,0x04B5,0x01AC,0x028F,0x04B4,0x020D,0x0475,0x0413,0x0494,0x03D4,0x0373,0x03D4,0x03D4,0x0373,0x01EE,0x02B0,0x0313,0x0333,
0x3DB8,0x0536,0x0556,0x0556,0xA184,0xE963,0xF923,0x6881,0x1822,0x9985,0x60C1,0x68E1,0xF9C4,0x9A88,0x8E39,0x9EFB,0x7E59,0xA658,0xB698,0x9E99,0x7E38,0x0227,0x8DF7,0xA699,0x9657,0x9E77,0xA699,0x9677,0x8E57,0x9657,0x7E18,0x5DF7,0x4D34,0x3CF4,0x563A,0x4557,0x0372,0x04F4,0x6DF7,0x8636,0x6DF6,0x7618,0x2513,0x01EC,0x0473,0x0515,0x3D75,0x3D54,0x4CF3,0x9E76,0xA698,0x9E77,0x04D4,0x4D96,0x2D75,0x0D96,0x04B4,0x2DB6,0x3CF5,0xA678,0xB677,0xB6B7,0x0432,0x14F6,0x04F5,0x35B7,0x9E58,0xAED9,0x7C91,0x130A,0x9637,0xB5B3,0xAD10,0xFEF6,0xB591,0xFF38,0xFF58,0xFF58,0xFF38,0xFF58,0xFF58,0xFF58,0xFF58,0xFF58,0xFF58,0xFF58,0xFF58,0xFF58,0xF738,0x1B8E,0x01EC,0x01ED,0x2473,0x05D8,0x028F,0x0454,0x03B2,0x022D,0x0330,0x022D,0x03D2,0x012C,0x0371,0x0452,0x0352,0x04D6,0x0312,0x03F2,0x0516,0x03F4,0x02AE,0x04B4,0x0415,0x01EF,0x020D,0x020D,0x024F,0x0CB5,0x04D7,0x0414,0x03B4,0x0374,0x0373,0x0353,0x018D,0x02B1,0x0270,0x0312,
0x1556,0x2D98,0x1576,0x0D96,0x8983,0xF143,0xE983,0xE106,0x4860,0x6182,0xB105,0xF984,0xFA06,0xA2E9,0x1D17,0x2D78,0x0598,0x4DB7,0x7E38,0x65D7,0x3556,0x5DD8,0x7E17,0x7616,0x4514,0x5DB7,0x5DD7,0x7637,0x7E58,0x7E38,0x7659,0x0473,0x0515,0x04D4,0x0517,0x03D3,0x0270,0x0555,0x5DB5,0x7636,0x24F3,0x0536,0x04D6,0x028F,0x026D,0x0557,0x04D4,0x45B8,0x4576,0x8E57,0x8E57,0x6573,0x04D5,0x2D97,0x1556,0x0536,0x24B6,0x35B6,0x34F6,0x9E58,0xBE97,0xB677,0x3557,0x0597,0x2D57,0x2D15,0x8E37,0x95B4,0x8573,0x434C,0xA551,0xB5D4,0xAD72,0xDE15,0xA573,0xFF57,0xFF37,0xFF38,0xFF58,0xFF58,0xFF58,0xFF58,0xFF58,0xFF59,0xFF58,0xFF58,0xFF58,0xFF78,0xFF38,0xAE15,0x026E,0x018E,0x014D,0x04D5,0x016C,0x0413,0x04B6,0x026F,0x0311,0x01AC,0x0352,0x028F,0x024F,0x0353,0x0310,0x0415,0x04F6,0x024F,0x0391,0x04B4,0x022E,0x04B6,0x04B7,0x016D,0x01CC,0x02F0,0x01ED,0x04D7,0x02EF,0x03D4,0x0353,0x0373,0x0312,0x0312,0x010B,0x020F,0x02F2,0x024F,
0x4577,0x3576,0x2576,0x0555,0x8945,0xE943,0xF164,0x7061,0x7925,0x38A1,0x6122,0xF9C4,0xFA24,0x9A07,0x04B5,0x0557,0x1557,0x2557,0x0517,0x667B,0x04F6,0x0474,0x5DD7,0x6E18,0x6E18,0x0516,0x4E38,0x665A,0x2D56,0x85F6,0x0534,0x04F5,0x04B4,0x04B4,0x04B6,0x0311,0x026F,0x0536,0x5DD6,0x6E16,0x0493,0x0433,0x0433,0x01AD,0x0351,0x04F6,0x04D5,0x0536,0x3D57,0x7658,0x4535,0x0597,0x04B5,0x04F5,0x04D5,0x04D5,0x02AF,0x1D57,0x4557,0xAE58,0x9E98,0x9678,0x0492,0x2577,0x04F5,0x04F5,0x6D94,0xAE57,0x6DF8,0x7E17,0x84F1,0x6D75,0x09E8,0x6BAB,0xF737,0xF737,0xFF37,0xFF37,0xFF58,0xFF37,0xFF78,0xFF78,0xFF58,0xFF79,0xFF58,0xFF58,0xFF58,0xFF58,0xFF58,0x4B0A,0x04D6,0x012D,0x012C,0x02D0,0x010B,0x01AD,0x0330,0x024E,0x016C,0x00CA,0x02AF,0x014C,0x012C,0x01EE,0x0310,0x03B2,0x03F2,0x01ED,0x0351,0x03D3,0x016B,0x0415,0x04B7,0x020E,0x02D0,0x03B3,0x0312,0x0414,0x0392,0x0313,0x0333,0x024F,0x02B0,0x02B1,0x01EE,0x006A,0x008A,0x020E,
0x3D37,0x2557,0x0515,0x0577,0x8944,0xE943,0xF182,0xF962,0x1083,0x1861,0x8925,0xF144,0xFA05,0xB30B,0x0578,0x04F6,0x04D5,0x0557,0x01CF,0x028E,0x04F5,0x0517,0x1D76,0x6E18,0x7E17,0x02F2,0x0555,0x0557,0x0516,0x5DF8,0x0516,0x0494,0x0455,0x020D,0x014B,0x02F0,0x0311,0x0517,0x55D7,0x2C72,0x04D6,0x0452,0x0453,0x00A9,0x028E,0x0475,0x04D5,0x0453,0x0474,0x5E37,0x2D75,0x0D97,0x04D5,0x0537,0x02B0,0x04D6,0x018D,0x0537,0x04D4,0x9657,0x3C72,0x0474,0x45B9,0x0D16,0x028D,0x0473,0x65B5,0x4555,0x55D7,0x2D96,0x0475,0x02EF,0x2D35,0x63AC,0xFF38,0xFF17,0xFF37,0xFF78,0xFF37,0xFF57,0xFF57,0xFF57,0xFF79,0xFF58,0xFF58,0xFF58,0xFF58,0xFF58,0xFF37,0xFF37,0xC676,0x024D,0x016D,0x014C,0x02F2,0x012C,0x01AD,0x03D3,0x010C,0x0230,0x010B,0x0392,0x0290,0x00AA,0x010B,0x02EF,0x02F2,0x04B5,0x010A,0x00AB,0x03D5,0x01CD,0x02D0,0x01AD,0x00E9,0x020D,0x01AE,0x024D,0x0332,0x016C,0x0291,0x012C,0x010B,0x01CD,0x024F,0x0048,0x00AA,0x00EB,
0x0413,0x0454,0x2D98,0x2598,0x9143,0xF143,0xF122,0xE902,0xF9C7,0xF985,0xF9C5,0xF984,0xF9E5,0xA2CA,0x0577,0x0392,0x04D6,0x0537,0x01CE,0x0392,0x0494,0x0516,0x0597,0x6E18,0x5DF7,0x03D3,0x0556,0x0536,0x04F6,0x3597,0x04B5,0x04D6,0x0372,0x022E,0x014B,0x016C,0x0455,0x04F6,0x4DF7,0x3D55,0x04D5,0x0494,0x0475,0x00A9,0x0331,0x0517,0x04D5,0x1D78,0x0473,0x4554,0x0515,0x1597,0x0516,0x04F6,0x03D3,0x0536,0x0271,0x04F6,0x04B3,0x9657,0x04D3,0x03B1,0x2D56,0x2CF5,0x028D,0x04D5,0x5DF7,0x0576,0x3576,0x5577,0x02B0,0x0129,0x2D35,0xDEF8,0xFF37,0xFF37,0xFF58,0xFF58,0xFF37,0xFF37,0xFF58,0xFF38,0xFF58,0xFF58,0xFF58,0xFF58,0xFF37,0xFF79,0xFF38,0xFF58,0xF738,0xBDF5,0x0127,0x014D,0x018D,0x012C,0x012C,0x03F3,0x010D,0x00CB,0x00CB,0x010A,0x016B,0x0371,0x00CB,0x00EA,0x01AC,0x0371,0x03D3,0x016D,0x0415,0x03F5,0x0394,0x0291,0x01CE,0x0089,0x02B1,0x0129,0x0437,0x014C,0x02B2,0x0230,0x018D,0x010B,0x01CE,0x010A,0x008A,0x0028,
0x03F0,0x2515,0x2577,0x0576,0x9143,0xE923,0xF102,0xE922,0xE102,0xE942,0xF184,0xF1A4,0xFA66,0xBBAE,0x0578,0x02F2,0x0475,0x0557,0x020F,0x01AD,0x04F6,0x04D6,0x0516,0x6E17,0x44F4,0x030F,0x04F6,0x0557,0x0577,0x0516,0x0494,0x04F7,0x0290,0x016C,0x012C,0x018D,0x04D5,0x2D76,0x6618,0x45F9,0x02AE,0x04D5,0x030F,0x016C,0x0372,0x028E,0x04F6,0x0495,0x0453,0x0370,0x0496,0x0495,0x0556,0x02AF,0x01AE,0x0372,0x04D5,0x0495,0x0D15,0x4534,0x04F5,0x03D2,0x04B4,0x0474,0x030F,0x1556,0x2CD3,0x0537,0x0536,0x024E,0x018D,0x0149,0xF6F7,0xF737,0xFF58,0xFF38,0xFF58,0xF717,0xC635,0xA636,0xF75A,0xFF39,0xFF58,0xFF58,0xFF59,0xF718,0xE6B6,0xFF58,0xF738,0xFF38,0xFF38,0xF738,0xFF38,0xCEB8,0x014B,0x016D,0x010B,0x00EC,0x024E,0x010C,0x00EB,0x010B,0x014C,0x0089,0x010C,0x008B,0x00CB,0x0270,0x03F4,0x0352,0x012C,0x0394,0x0332,0x012C,0x022F,0x00AA,0x008A,0x00CA,0x022E,0x0270,0x018D,0x0291,0x00AB,0x0029,0x0028,0x016D,0x0027,0x0047,
0x0391,0x0454,0x0310,0x0432,0x04F6,0x3597,0x04B7,0x0291,0x5DD7,0x03D2,0x04F7,0x35F9,0x4E3A,0x04F7,0x04F7,0x0373,0x04B6,0x0517,0x022E,0x026F,0x04B6,0x0351,0x04F6,0x35B8,0x02D0,0x02AF,0x04F8,0x0516,0x0454,0x0475,0x0517,0x02CF,0x012C,0x010C,0x00EB,0x04B6,0x0516,0x5617,0x3D97,0x024D,0x02AF,0x04D6,0x016C,0x02AF,0x02D0,0x028E,0x0516,0x04D5,0x04D4,0x02AF,0x04F6,0x04F6,0x0537,0x012C,0x0373,0x026F,0x0474,0x0494,0x2472,0x1BF1,0x03B0,0x0576,0x0370,0x0371,0x024D,0x3516,0x4557,0x0454,0x2D16,0x010B,0x01AF,0x01A9,0xF738,0xFF37,0xFF58,0xFF58,0xF719,0xAE77,0xAE56,0x7C8F,0xFF19,0xF758,0xBDD4,0x744E,0xD6B8,0x8D51,0x3B2B,0x4B8C,0xFF37,0xF718,0xFF38,0xF738,0xEED7,0xFF59,0xEF39,0xEF39,0xD6DA,0x020D,0x010D,0x00AB,0x00EB,0x010C,0x010D,0x00CB,0x016D,0x012C,0x00EB,0x012C,0x0290,0x01EE,0x020F,0x012C,0x022F,0x02B0,0x0008,0x020F,0x0069,0x01AE,0x00CA,0x024F,0x0069,0x00EB,0x00CB,0x00AA,0x0007,0x0028,0x00CA,0x0027
])
def getData():
    return wordarray
